// Auto-generiert (make_vlw.py). Smooth-Font (VLW) als PROGMEM-Array.
#pragma once
const uint8_t OctoFontMid[] PROGMEM = {
  0x00,0x00,0x00,0x4A,0x00,0x00,0x00,0x0B,0x00,0x00,0x00,0x1A,0x00,0x00,0x00,0x00,
  0x00,0x00,0x00,0x18,0x00,0x00,0x00,0x06,0x00,0x00,0x00,0x20,0x00,0x00,0x00,0x00,
  0x00,0x00,0x00,0x00,0x00,0x00,0x00,0x07,0x00,0x00,0x00,0x00,0x00,0x00,0x00,0x00,
  0x00,0x00,0x00,0x00,0x00,0x00,0x00,0x21,0x00,0x00,0x00,0x13,0x00,0x00,0x00,0x09,
  0x00,0x00,0x00,0x09,0x00,0x00,0x00,0x13,0x00,0x00,0x00,0x00,0x00,0x00,0x00,0x00,
  0x00,0x00,0x00,0x25,0x00,0x00,0x00,0x14,0x00,0x00,0x00,0x17,0x00,0x00,0x00,0x17,
  0x00,0x00,0x00,0x13,0x00,0x00,0x00,0x00,0x00,0x00,0x00,0x00,0x00,0x00,0x00,0x28,
  0x00,0x00,0x00,0x18,0x00,0x00,0x00,0x09,0x00,0x00,0x00,0x09,0x00,0x00,0x00,0x13,
  0x00,0x00,0x00,0x00,0x00,0x00,0x00,0x00,0x00,0x00,0x00,0x29,0x00,0x00,0x00,0x18,
  0x00,0x00,0x00,0x09,0x00,0x00,0x00,0x09,0x00,0x00,0x00,0x13,0x00,0x00,0x00,0x00,
  0x00,0x00,0x00,0x00,0x00,0x00,0x00,0x2B,0x00,0x00,0x00,0x11,0x00,0x00,0x00,0x0F,
  0x00,0x00,0x00,0x0F,0x00,0x00,0x00,0x11,0x00,0x00,0x00,0x00,0x00,0x00,0x00,0x00,
  0x00,0x00,0x00,0x2C,0x00,0x00,0x00,0x08,0x00,0x00,0x00,0x07,0x00,0x00,0x00,0x07,
  0x00,0x00,0x00,0x04,0x00,0x00,0x00,0x00,0x00,0x00,0x00,0x00,0x00,0x00,0x00,0x2D,
  0x00,0x00,0x00,0x09,0x00,0x00,0x00,0x09,0x00,0x00,0x00,0x09,0x00,0x00,0x00,0x09,
  0x00,0x00,0x00,0x00,0x00,0x00,0x00,0x00,0x00,0x00,0x00,0x2E,0x00,0x00,0x00,0x04,
  0x00,0x00,0x00,0x07,0x00,0x00,0x00,0x07,0x00,0x00,0x00,0x04,0x00,0x00,0x00,0x00,
  0x00,0x00,0x00,0x00,0x00,0x00,0x00,0x2F,0x00,0x00,0x00,0x13,0x00,0x00,0x00,0x09,
  0x00,0x00,0x00,0x07,0x00,0x00,0x00,0x13,0xFF,0xFF,0xFF,0xFF,0x00,0x00,0x00,0x00,
  0x00,0x00,0x00,0x30,0x00,0x00,0x00,0x13,0x00,0x00,0x00,0x0E,0x00,0x00,0x00,0x0E,
  0x00,0x00,0x00,0x13,0x00,0x00,0x00,0x00,0x00,0x00,0x00,0x00,0x00,0x00,0x00,0x31,
  0x00,0x00,0x00,0x13,0x00,0x00,0x00,0x0E,0x00,0x00,0x00,0x0E,0x00,0x00,0x00,0x13,
  0x00,0x00,0x00,0x00,0x00,0x00,0x00,0x00,0x00,0x00,0x00,0x32,0x00,0x00,0x00,0x13,
  0x00,0x00,0x00,0x0E,0x00,0x00,0x00,0x0E,0x00,0x00,0x00,0x13,0x00,0x00,0x00,0x00,
  0x00,0x00,0x00,0x00,0x00,0x00,0x00,0x33,0x00,0x00,0x00,0x13,0x00,0x00,0x00,0x0E,
  0x00,0x00,0x00,0x0E,0x00,0x00,0x00,0x13,0x00,0x00,0x00,0x00,0x00,0x00,0x00,0x00,
  0x00,0x00,0x00,0x34,0x00,0x00,0x00,0x13,0x00,0x00,0x00,0x0E,0x00,0x00,0x00,0x0E,
  0x00,0x00,0x00,0x13,0x00,0x00,0x00,0x00,0x00,0x00,0x00,0x00,0x00,0x00,0x00,0x35,
  0x00,0x00,0x00,0x13,0x00,0x00,0x00,0x0E,0x00,0x00,0x00,0x0E,0x00,0x00,0x00,0x13,
  0x00,0x00,0x00,0x00,0x00,0x00,0x00,0x00,0x00,0x00,0x00,0x36,0x00,0x00,0x00,0x13,
  0x00,0x00,0x00,0x0E,0x00,0x00,0x00,0x0E,0x00,0x00,0x00,0x13,0x00,0x00,0x00,0x00,
  0x00,0x00,0x00,0x00,0x00,0x00,0x00,0x37,0x00,0x00,0x00,0x13,0x00,0x00,0x00,0x0E,
  0x00,0x00,0x00,0x0E,0x00,0x00,0x00,0x13,0x00,0x00,0x00,0x00,0x00,0x00,0x00,0x00,
  0x00,0x00,0x00,0x38,0x00,0x00,0x00,0x13,0x00,0x00,0x00,0x0E,0x00,0x00,0x00,0x0E,
  0x00,0x00,0x00,0x13,0x00,0x00,0x00,0x00,0x00,0x00,0x00,0x00,0x00,0x00,0x00,0x39,
  0x00,0x00,0x00,0x13,0x00,0x00,0x00,0x0E,0x00,0x00,0x00,0x0E,0x00,0x00,0x00,0x13,
  0x00,0x00,0x00,0x00,0x00,0x00,0x00,0x00,0x00,0x00,0x00,0x3A,0x00,0x00,0x00,0x0E,
  0x00,0x00,0x00,0x09,0x00,0x00,0x00,0x09,0x00,0x00,0x00,0x0E,0x00,0x00,0x00,0x00,
  0x00,0x00,0x00,0x00,0x00,0x00,0x00,0x3F,0x00,0x00,0x00,0x13,0x00,0x00,0x00,0x10,
  0x00,0x00,0x00,0x10,0x00,0x00,0x00,0x13,0x00,0x00,0x00,0x00,0x00,0x00,0x00,0x00,
  0x00,0x00,0x00,0x41,0x00,0x00,0x00,0x13,0x00,0x00,0x00,0x13,0x00,0x00,0x00,0x13,
  0x00,0x00,0x00,0x13,0x00,0x00,0x00,0x00,0x00,0x00,0x00,0x00,0x00,0x00,0x00,0x42,
  0x00,0x00,0x00,0x13,0x00,0x00,0x00,0x13,0x00,0x00,0x00,0x13,0x00,0x00,0x00,0x13,
  0x00,0x00,0x00,0x00,0x00,0x00,0x00,0x00,0x00,0x00,0x00,0x43,0x00,0x00,0x00,0x13,
  0x00,0x00,0x00,0x13,0x00,0x00,0x00,0x13,0x00,0x00,0x00,0x13,0x00,0x00,0x00,0x00,
  0x00,0x00,0x00,0x00,0x00,0x00,0x00,0x44,0x00,0x00,0x00,0x13,0x00,0x00,0x00,0x13,
  0x00,0x00,0x00,0x13,0x00,0x00,0x00,0x13,0x00,0x00,0x00,0x00,0x00,0x00,0x00,0x00,
  0x00,0x00,0x00,0x45,0x00,0x00,0x00,0x13,0x00,0x00,0x00,0x11,0x00,0x00,0x00,0x11,
  0x00,0x00,0x00,0x13,0x00,0x00,0x00,0x00,0x00,0x00,0x00,0x00,0x00,0x00,0x00,0x46,
  0x00,0x00,0x00,0x13,0x00,0x00,0x00,0x10,0x00,0x00,0x00,0x10,0x00,0x00,0x00,0x13,
  0x00,0x00,0x00,0x00,0x00,0x00,0x00,0x00,0x00,0x00,0x00,0x47,0x00,0x00,0x00,0x13,
  0x00,0x00,0x00,0x14,0x00,0x00,0x00,0x14,0x00,0x00,0x00,0x13,0x00,0x00,0x00,0x00,
  0x00,0x00,0x00,0x00,0x00,0x00,0x00,0x48,0x00,0x00,0x00,0x13,0x00,0x00,0x00,0x13,
  0x00,0x00,0x00,0x13,0x00,0x00,0x00,0x13,0x00,0x00,0x00,0x00,0x00,0x00,0x00,0x00,
  0x00,0x00,0x00,0x49,0x00,0x00,0x00,0x13,0x00,0x00,0x00,0x07,0x00,0x00,0x00,0x07,
  0x00,0x00,0x00,0x13,0x00,0x00,0x00,0x00,0x00,0x00,0x00,0x00,0x00,0x00,0x00,0x4A,
  0x00,0x00,0x00,0x13,0x00,0x00,0x00,0x0E,0x00,0x00,0x00,0x0E,0x00,0x00,0x00,0x13,
  0x00,0x00,0x00,0x00,0x00,0x00,0x00,0x00,0x00,0x00,0x00,0x4B,0x00,0x00,0x00,0x13,
  0x00,0x00,0x00,0x13,0x00,0x00,0x00,0x13,0x00,0x00,0x00,0x13,0x00,0x00,0x00,0x00,
  0x00,0x00,0x00,0x00,0x00,0x00,0x00,0x4C,0x00,0x00,0x00,0x13,0x00,0x00,0x00,0x10,
  0x00,0x00,0x00,0x10,0x00,0x00,0x00,0x13,0x00,0x00,0x00,0x00,0x00,0x00,0x00,0x00,
  0x00,0x00,0x00,0x4D,0x00,0x00,0x00,0x13,0x00,0x00,0x00,0x16,0x00,0x00,0x00,0x16,
  0x00,0x00,0x00,0x13,0x00,0x00,0x00,0x00,0x00,0x00,0x00,0x00,0x00,0x00,0x00,0x4E,
  0x00,0x00,0x00,0x13,0x00,0x00,0x00,0x13,0x00,0x00,0x00,0x13,0x00,0x00,0x00,0x13,
  0x00,0x00,0x00,0x00,0x00,0x00,0x00,0x00,0x00,0x00,0x00,0x4F,0x00,0x00,0x00,0x13,
  0x00,0x00,0x00,0x14,0x00,0x00,0x00,0x14,0x00,0x00,0x00,0x13,0x00,0x00,0x00,0x00,
  0x00,0x00,0x00,0x00,0x00,0x00,0x00,0x50,0x00,0x00,0x00,0x13,0x00,0x00,0x00,0x11,
  0x00,0x00,0x00,0x11,0x00,0x00,0x00,0x13,0x00,0x00,0x00,0x00,0x00,0x00,0x00,0x00,
  0x00,0x00,0x00,0x51,0x00,0x00,0x00,0x15,0x00,0x00,0x00,0x14,0x00,0x00,0x00,0x14,
  0x00,0x00,0x00,0x13,0x00,0x00,0x00,0x00,0x00,0x00,0x00,0x00,0x00,0x00,0x00,0x52,
  0x00,0x00,0x00,0x13,0x00,0x00,0x00,0x13,0x00,0x00,0x00,0x13,0x00,0x00,0x00,0x13,
  0x00,0x00,0x00,0x00,0x00,0x00,0x00,0x00,0x00,0x00,0x00,0x53,0x00,0x00,0x00,0x13,
  0x00,0x00,0x00,0x11,0x00,0x00,0x00,0x11,0x00,0x00,0x00,0x13,0x00,0x00,0x00,0x00,
  0x00,0x00,0x00,0x00,0x00,0x00,0x00,0x54,0x00,0x00,0x00,0x13,0x00,0x00,0x00,0x10,
  0x00,0x00,0x00,0x10,0x00,0x00,0x00,0x13,0x00,0x00,0x00,0x00,0x00,0x00,0x00,0x00,
  0x00,0x00,0x00,0x55,0x00,0x00,0x00,0x13,0x00,0x00,0x00,0x13,0x00,0x00,0x00,0x13,
  0x00,0x00,0x00,0x13,0x00,0x00,0x00,0x00,0x00,0x00,0x00,0x00,0x00,0x00,0x00,0x56,
  0x00,0x00,0x00,0x13,0x00,0x00,0x00,0x13,0x00,0x00,0x00,0x11,0x00,0x00,0x00,0x13,
  0xFF,0xFF,0xFF,0xFF,0x00,0x00,0x00,0x00,0x00,0x00,0x00,0x57,0x00,0x00,0x00,0x13,
  0x00,0x00,0x00,0x19,0x00,0x00,0x00,0x19,0x00,0x00,0x00,0x13,0x00,0x00,0x00,0x00,
  0x00,0x00,0x00,0x00,0x00,0x00,0x00,0x58,0x00,0x00,0x00,0x13,0x00,0x00,0x00,0x12,
  0x00,0x00,0x00,0x11,0x00,0x00,0x00,0x13,0x00,0x00,0x00,0x00,0x00,0x00,0x00,0x00,
  0x00,0x00,0x00,0x59,0x00,0x00,0x00,0x13,0x00,0x00,0x00,0x13,0x00,0x00,0x00,0x11,
  0x00,0x00,0x00,0x13,0xFF,0xFF,0xFF,0xFF,0x00,0x00,0x00,0x00,0x00,0x00,0x00,0x5A,
  0x00,0x00,0x00,0x13,0x00,0x00,0x00,0x10,0x00,0x00,0x00,0x10,0x00,0x00,0x00,0x13,
  0x00,0x00,0x00,0x00,0x00,0x00,0x00,0x00,0x00,0x00,0x00,0x61,0x00,0x00,0x00,0x0E,
  0x00,0x00,0x00,0x0E,0x00,0x00,0x00,0x0E,0x00,0x00,0x00,0x0E,0x00,0x00,0x00,0x00,
  0x00,0x00,0x00,0x00,0x00,0x00,0x00,0x62,0x00,0x00,0x00,0x13,0x00,0x00,0x00,0x10,
  0x00,0x00,0x00,0x10,0x00,0x00,0x00,0x13,0x00,0x00,0x00,0x00,0x00,0x00,0x00,0x00,
  0x00,0x00,0x00,0x63,0x00,0x00,0x00,0x0E,0x00,0x00,0x00,0x0E,0x00,0x00,0x00,0x0E,
  0x00,0x00,0x00,0x0E,0x00,0x00,0x00,0x00,0x00,0x00,0x00,0x00,0x00,0x00,0x00,0x64,
  0x00,0x00,0x00,0x13,0x00,0x00,0x00,0x10,0x00,0x00,0x00,0x10,0x00,0x00,0x00,0x13,
  0x00,0x00,0x00,0x00,0x00,0x00,0x00,0x00,0x00,0x00,0x00,0x65,0x00,0x00,0x00,0x0E,
  0x00,0x00,0x00,0x0E,0x00,0x00,0x00,0x0E,0x00,0x00,0x00,0x0E,0x00,0x00,0x00,0x00,
  0x00,0x00,0x00,0x00,0x00,0x00,0x00,0x66,0x00,0x00,0x00,0x13,0x00,0x00,0x00,0x0A,
  0x00,0x00,0x00,0x09,0x00,0x00,0x00,0x13,0x00,0x00,0x00,0x00,0x00,0x00,0x00,0x00,
  0x00,0x00,0x00,0x67,0x00,0x00,0x00,0x13,0x00,0x00,0x00,0x10,0x00,0x00,0x00,0x10,
  0x00,0x00,0x00,0x0E,0x00,0x00,0x00,0x00,0x00,0x00,0x00,0x00,0x00,0x00,0x00,0x68,
  0x00,0x00,0x00,0x13,0x00,0x00,0x00,0x10,0x00,0x00,0x00,0x10,0x00,0x00,0x00,0x13,
  0x00,0x00,0x00,0x00,0x00,0x00,0x00,0x00,0x00,0x00,0x00,0x69,0x00,0x00,0x00,0x13,
  0x00,0x00,0x00,0x07,0x00,0x00,0x00,0x07,0x00,0x00,0x00,0x13,0x00,0x00,0x00,0x00,
  0x00,0x00,0x00,0x00,0x00,0x00,0x00,0x6A,0x00,0x00,0x00,0x18,0x00,0x00,0x00,0x09,
  0x00,0x00,0x00,0x07,0x00,0x00,0x00,0x13,0xFF,0xFF,0xFF,0xFE,0x00,0x00,0x00,0x00,
  0x00,0x00,0x00,0x6B,0x00,0x00,0x00,0x13,0x00,0x00,0x00,0x0F,0x00,0x00,0x00,0x0E,
  0x00,0x00,0x00,0x13,0x00,0x00,0x00,0x00,0x00,0x00,0x00,0x00,0x00,0x00,0x00,0x6C,
  0x00,0x00,0x00,0x13,0x00,0x00,0x00,0x07,0x00,0x00,0x00,0x07,0x00,0x00,0x00,0x13,
  0x00,0x00,0x00,0x00,0x00,0x00,0x00,0x00,0x00,0x00,0x00,0x6D,0x00,0x00,0x00,0x0E,
  0x00,0x00,0x00,0x17,0x00,0x00,0x00,0x17,0x00,0x00,0x00,0x0E,0x00,0x00,0x00,0x00,
  0x00,0x00,0x00,0x00,0x00,0x00,0x00,0x6E,0x00,0x00,0x00,0x0E,0x00,0x00,0x00,0x10,
  0x00,0x00,0x00,0x10,0x00,0x00,0x00,0x0E,0x00,0x00,0x00,0x00,0x00,0x00,0x00,0x00,
  0x00,0x00,0x00,0x6F,0x00,0x00,0x00,0x0E,0x00,0x00,0x00,0x10,0x00,0x00,0x00,0x10,
  0x00,0x00,0x00,0x0E,0x00,0x00,0x00,0x00,0x00,0x00,0x00,0x00,0x00,0x00,0x00,0x70,
  0x00,0x00,0x00,0x13,0x00,0x00,0x00,0x10,0x00,0x00,0x00,0x10,0x00,0x00,0x00,0x0E,
  0x00,0x00,0x00,0x00,0x00,0x00,0x00,0x00,0x00,0x00,0x00,0x71,0x00,0x00,0x00,0x13,
  0x00,0x00,0x00,0x10,0x00,0x00,0x00,0x10,0x00,0x00,0x00,0x0E,0x00,0x00,0x00,0x00,
  0x00,0x00,0x00,0x00,0x00,0x00,0x00,0x72,0x00,0x00,0x00,0x0E,0x00,0x00,0x00,0x0B,
  0x00,0x00,0x00,0x0A,0x00,0x00,0x00,0x0E,0x00,0x00,0x00,0x00,0x00,0x00,0x00,0x00,
  0x00,0x00,0x00,0x73,0x00,0x00,0x00,0x0E,0x00,0x00,0x00,0x0E,0x00,0x00,0x00,0x0E,
  0x00,0x00,0x00,0x0E,0x00,0x00,0x00,0x00,0x00,0x00,0x00,0x00,0x00,0x00,0x00,0x74,
  0x00,0x00,0x00,0x13,0x00,0x00,0x00,0x09,0x00,0x00,0x00,0x09,0x00,0x00,0x00,0x13,
  0x00,0x00,0x00,0x00,0x00,0x00,0x00,0x00,0x00,0x00,0x00,0x75,0x00,0x00,0x00,0x0E,
  0x00,0x00,0x00,0x10,0x00,0x00,0x00,0x10,0x00,0x00,0x00,0x0E,0x00,0x00,0x00,0x00,
  0x00,0x00,0x00,0x00,0x00,0x00,0x00,0x76,0x00,0x00,0x00,0x0E,0x00,0x00,0x00,0x0F,
  0x00,0x00,0x00,0x0E,0x00,0x00,0x00,0x0E,0x00,0x00,0x00,0x00,0x00,0x00,0x00,0x00,
  0x00,0x00,0x00,0x77,0x00,0x00,0x00,0x0E,0x00,0x00,0x00,0x15,0x00,0x00,0x00,0x14,
  0x00,0x00,0x00,0x0E,0x00,0x00,0x00,0x00,0x00,0x00,0x00,0x00,0x00,0x00,0x00,0x78,
  0x00,0x00,0x00,0x0E,0x00,0x00,0x00,0x0F,0x00,0x00,0x00,0x0E,0x00,0x00,0x00,0x0E,
  0x00,0x00,0x00,0x00,0x00,0x00,0x00,0x00,0x00,0x00,0x00,0x79,0x00,0x00,0x00,0x13,
  0x00,0x00,0x00,0x0F,0x00,0x00,0x00,0x0E,0x00,0x00,0x00,0x0E,0x00,0x00,0x00,0x00,
  0x00,0x00,0x00,0x00,0x00,0x00,0x00,0x7A,0x00,0x00,0x00,0x0E,0x00,0x00,0x00,0x0D,
  0x00,0x00,0x00,0x0D,0x00,0x00,0x00,0x0E,0x00,0x00,0x00,0x00,0x00,0x00,0x00,0x00,
  0x00,0x00,0xA8,0xFF,0xFF,0xFF,0x34,0x00,0x00,0x00,0x00,0xA8,0xFF,0xFF,0xFF,0x34,
  0x00,0x00,0x00,0x00,0xA8,0xFF,0xFF,0xFF,0x34,0x00,0x00,0x00,0x00,0xA8,0xFF,0xFF,
  0xFF,0x34,0x00,0x00,0x00,0x00,0x9D,0xFF,0xFF,0xFF,0x29,0x00,0x00,0x00,0x00,0x83,
  0xFF,0xFF,0xFF,0x0F,0x00,0x00,0x00,0x00,0x69,0xFF,0xFF,0xF5,0x00,0x00,0x00,0x00,
  0x00,0x4E,0xFF,0xFF,0xDB,0x00,0x00,0x00,0x00,0x00,0x34,0xFF,0xFF,0xC1,0x00,0x00,
  0x00,0x00,0x00,0x19,0xFF,0xFF,0xA7,0x00,0x00,0x00,0x00,0x00,0x02,0xFC,0xFF,0x8D,
  0x00,0x00,0x00,0x00,0x00,0x00,0xE4,0xFF,0x73,0x00,0x00,0x00,0x00,0x00,0x00,0xC9,
  0xFF,0x59,0x00,0x00,0x00,0x00,0x00,0x00,0x00,0x00,0x00,0x00,0x00,0x00,0x00,0x00,
  0x00,0x00,0x00,0x00,0x00,0x00,0x00,0x00,0x00,0x84,0xFF,0xFF,0xFF,0x10,0x00,0x00,
  0x00,0x00,0x84,0xFF,0xFF,0xFF,0x10,0x00,0x00,0x00,0x00,0x84,0xFF,0xFF,0xFF,0x10,
  0x00,0x00,0x00,0x00,0x84,0xFF,0xFF,0xFF,0x10,0x00,0x00,0x00,0x00,0x1D,0xA6,0xED,
  0xF8,0xD0,0x5C,0x00,0x00,0x00,0x00,0x00,0x00,0x16,0xF5,0xFF,0x84,0x00,0x00,0x00,
  0x00,0x00,0x00,0x11,0xE2,0xFF,0xFF,0xFF,0xFF,0xFF,0x6B,0x00,0x00,0x00,0x00,0x00,
  0x8B,0xFF,0xF3,0x13,0x00,0x00,0x00,0x00,0x00,0x00,0x7C,0xFF,0xFF,0x66,0x1C,0xE3,
  0xFF,0xEC,0x06,0x00,0x00,0x00,0x15,0xF4,0xFF,0x88,0x00,0x00,0x00,0x00,0x00,0x00,
  0x00,0xBE,0xFF,0xFC,0x06,0x00,0x9B,0xFF,0xFF,0x35,0x00,0x00,0x00,0x89,0xFF,0xF5,
  0x15,0x00,0x00,0x00,0x00,0x00,0x00,0x00,0xD9,0xFF,0xEB,0x00,0x00,0x84,0xFF,0xFF,
  0x50,0x00,0x00,0x14,0xF3,0xFF,0x8C,0x00,0x00,0x00,0x00,0x00,0x00,0x00,0x00,0xD9,
  0xFF,0xEB,0x00,0x00,0x84,0xFF,0xFF,0x4F,0x00,0x00,0x87,0xFF,0xF6,0x17,0x00,0x00,
  0x00,0x00,0x00,0x00,0x00,0x00,0xBE,0xFF,0xFC,0x06,0x00,0x9B,0xFF,0xFF,0x35,0x00,
  0x13,0xF2,0xFF,0x90,0x00,0x00,0x00,0x00,0x00,0x00,0x00,0x00,0x00,0x7D,0xFF,0xFF,
  0x66,0x1B,0xE2,0xFF,0xEC,0x06,0x00,0x85,0xFF,0xF8,0x1A,0x00,0x00,0x00,0x00,0x00,
  0x00,0x00,0x00,0x00,0x13,0xE4,0xFF,0xFF,0xFF,0xFF,0xFF,0x6B,0x00,0x11,0xF2,0xFF,
  0x94,0x00,0x00,0x00,0x00,0x00,0x00,0x00,0x00,0x00,0x00,0x00,0x1E,0xA6,0xED,0xF9,
  0xD2,0x5E,0x00,0x00,0x83,0xFF,0xF9,0x1D,0x00,0x00,0x00,0x00,0x00,0x00,0x00,0x00,
  0x00,0x00,0x00,0x00,0x00,0x00,0x00,0x00,0x00,0x00,0x10,0xF1,0xFF,0x98,0x00,0x00,
  0x58,0xCE,0xF8,0xED,0xA8,0x1F,0x00,0x00,0x00,0x00,0x00,0x00,0x00,0x00,0x00,0x00,
  0x00,0x81,0xFF,0xFA,0x1F,0x00,0x64,0xFF,0xFF,0xFF,0xFF,0xFF,0xE4,0x13,0x00,0x00,
  0x00,0x00,0x00,0x00,0x00,0x00,0x00,0x0F,0xF0,0xFF,0x9C,0x00,0x03,0xE8,0xFF,0xDF,
  0x19,0x6B,0xFF,0xFF,0x81,0x00,0x00,0x00,0x00,0x00,0x00,0x00,0x00,0x00,0x7F,0xFF,
  0xFB,0x22,0x00,0x2E,0xFF,0xFF,0x93,0x00,0x0B,0xFF,0xFF,0xC5,0x00,0x00,0x00,0x00,
  0x00,0x00,0x00,0x00,0x0E,0xEE,0xFF,0xA0,0x00,0x00,0x49,0xFF,0xFF,0x7B,0x00,0x00,
  0xF4,0xFF,0xE0,0x00,0x00,0x00,0x00,0x00,0x00,0x00,0x00,0x7D,0xFF,0xFC,0x25,0x00,
  0x00,0x49,0xFF,0xFF,0x7B,0x00,0x00,0xF4,0xFF,0xDF,0x00,0x00,0x00,0x00,0x00,0x00,
  0x00,0x0D,0xED,0xFF,0xA4,0x00,0x00,0x00,0x2E,0xFF,0xFF,0x93,0x00,0x0C,0xFF,0xFF,
  0xC5,0x00,0x00,0x00,0x00,0x00,0x00,0x00,0x7B,0xFF,0xFD,0x29,0x00,0x00,0x00,0x04,
  0xE8,0xFF,0xE0,0x1A,0x6D,0xFF,0xFF,0x82,0x00,0x00,0x00,0x00,0x00,0x00,0x0C,0xEC,
  0xFF,0xA8,0x00,0x00,0x00,0x00,0x00,0x66,0xFF,0xFF,0xFF,0xFF,0xFF,0xE6,0x14,0x00,
  0x00,0x00,0x00,0x00,0x00,0x79,0xFF,0xFE,0x2C,0x00,0x00,0x00,0x00,0x00,0x00,0x59,
  0xCE,0xF8,0xEF,0xAA,0x21,0x00,0x00,0x00,0x00,0x00,0x00,0x0A,0xE0,0xFF,0x9B,0x00,
  0x00,0x00,0x00,0x00,0x8A,0xFF,0xFF,0x2B,0x00,0x00,0x00,0x00,0x27,0xFB,0xFF,0xC1,
  0x00,0x00,0x00,0x00,0x00,0x9D,0xFF,0xFF,0x5E,0x00,0x00,0x00,0x00,0x19,0xF9,0xFF,
  0xF7,0x0D,0x00,0x00,0x00,0x00,0x7D,0xFF,0xFF,0xB3,0x00,0x00,0x00,0x00,0x00,0xD4,
  0xFF,0xFF,0x6F,0x00,0x00,0x00,0x00,0x18,0xFF,0xFF,0xFF,0x3E,0x00,0x00,0x00,0x00,
  0x51,0xFF,0xFF,0xFF,0x10,0x00,0x00,0x00,0x00,0x77,0xFF,0xFF,0xED,0x00,0x00,0x00,
  0x00,0x00,0x92,0xFF,0xFF,0xDE,0x00,0x00,0x00,0x00,0x00,0x9E,0xFF,0xFF,0xCF,0x00,
  0x00,0x00,0x00,0x00,0x9E,0xFF,0xFF,0xCC,0x00,0x00,0x00,0x00,0x00,0x90,0xFF,0xFF,
  0xD8,0x00,0x00,0x00,0x00,0x00,0x71,0xFF,0xFF,0xEC,0x00,0x00,0x00,0x00,0x00,0x45,
  0xFF,0xFF,0xFF,0x0E,0x00,0x00,0x00,0x00,0x10,0xFC,0xFF,0xFF,0x35,0x00,0x00,0x00,
  0x00,0x00,0xC5,0xFF,0xFF,0x6D,0x00,0x00,0x00,0x00,0x00,0x6C,0xFF,0xFF,0xAA,0x00,
  0x00,0x00,0x00,0x00,0x0E,0xF4,0xFF,0xF0,0x05,0x00,0x00,0x00,0x00,0x00,0x9B,0xFF,
  0xFF,0x48,0x00,0x00,0x00,0x00,0x00,0x25,0xF9,0xFF,0xAC,0x00,0x00,0x00,0x00,0x00,
  0x00,0x8B,0xFF,0xFB,0x1D,0x00,0x00,0x00,0x00,0x00,0x0E,0xE8,0xFF,0x8D,0x00,0x07,
  0xE8,0xFF,0x96,0x00,0x00,0x00,0x00,0x00,0x00,0x7E,0xFF,0xFD,0x35,0x00,0x00,0x00,
  0x00,0x00,0x19,0xFB,0xFF,0xCD,0x02,0x00,0x00,0x00,0x00,0x00,0xB1,0xFF,0xFF,0x4C,
  0x00,0x00,0x00,0x00,0x00,0x58,0xFF,0xFF,0xBA,0x00,0x00,0x00,0x00,0x00,0x0C,0xFA,
  0xFF,0xFF,0x28,0x00,0x00,0x00,0x00,0x00,0xC3,0xFF,0xFF,0x7E,0x00,0x00,0x00,0x00,
  0x00,0x94,0xFF,0xFF,0xC6,0x00,0x00,0x00,0x00,0x00,0x65,0xFF,0xFF,0xF8,0x05,0x00,
  0x00,0x00,0x00,0x41,0xFF,0xFF,0xFF,0x25,0x00,0x00,0x00,0x00,0x33,0xFF,0xFF,0xFF,
  0x40,0x00,0x00,0x00,0x00,0x24,0xFF,0xFF,0xFF,0x4B,0x00,0x00,0x00,0x00,0x23,0xFF,
  0xFF,0xFF,0x41,0x00,0x00,0x00,0x00,0x34,0xFF,0xFF,0xFF,0x2D,0x00,0x00,0x00,0x00,
  0x45,0xFF,0xFF,0xFF,0x15,0x00,0x00,0x00,0x00,0x68,0xFF,0xFF,0xE1,0x00,0x00,0x00,
  0x00,0x00,0x98,0xFF,0xFF,0xA9,0x00,0x00,0x00,0x00,0x00,0xC7,0xFF,0xFF,0x6C,0x00,
  0x00,0x00,0x00,0x09,0xF9,0xFF,0xFE,0x1C,0x00,0x00,0x00,0x00,0x49,0xFF,0xFF,0xBB,
  0x00,0x00,0x00,0x00,0x00,0x9D,0xFF,0xFF,0x4D,0x00,0x00,0x00,0x00,0x0D,0xF2,0xFF,
  0xCD,0x01,0x00,0x00,0x00,0x00,0x6E,0xFF,0xFF,0x44,0x00,0x00,0x00,0x00,0x04,0xE0,
  0xFF,0xA7,0x00,0x00,0x00,0x00,0x00,0x00,0x00,0x00,0x00,0x00,0x0C,0xFF,0xFF,0xFF,
  0x34,0x00,0x00,0x00,0x00,0x00,0x00,0x00,0x00,0x00,0x00,0x0C,0xFF,0xFF,0xFF,0x34,
  0x00,0x00,0x00,0x00,0x00,0x00,0x00,0x00,0x00,0x00,0x0C,0xFF,0xFF,0xFF,0x34,0x00,
  0x00,0x00,0x00,0x00,0x00,0x00,0x00,0x00,0x00,0x0C,0xFF,0xFF,0xFF,0x34,0x00,0x00,
  0x00,0x00,0x00,0x00,0x00,0x00,0x00,0x00,0x0C,0xFF,0xFF,0xFF,0x34,0x00,0x00,0x00,
  0x00,0x00,0x00,0xEC,0xFF,0xFF,0xFF,0xFF,0xFF,0xFF,0xFF,0xFF,0xFF,0xFF,0xFF,0xFF,
  0x18,0x00,0xEC,0xFF,0xFF,0xFF,0xFF,0xFF,0xFF,0xFF,0xFF,0xFF,0xFF,0xFF,0xFF,0x18,
  0x00,0xEC,0xFF,0xFF,0xFF,0xFF,0xFF,0xFF,0xFF,0xFF,0xFF,0xFF,0xFF,0xFF,0x18,0x00,
  0xEC,0xFF,0xFF,0xFF,0xFF,0xFF,0xFF,0xFF,0xFF,0xFF,0xFF,0xFF,0xFF,0x18,0x00,0x00,
  0x00,0x00,0x00,0x0C,0xFF,0xFF,0xFF,0x34,0x00,0x00,0x00,0x00,0x00,0x00,0x00,0x00,
  0x00,0x00,0x0C,0xFF,0xFF,0xFF,0x34,0x00,0x00,0x00,0x00,0x00,0x00,0x00,0x00,0x00,
  0x00,0x0C,0xFF,0xFF,0xFF,0x34,0x00,0x00,0x00,0x00,0x00,0x00,0x00,0x00,0x00,0x00,
  0x0C,0xFF,0xFF,0xFF,0x34,0x00,0x00,0x00,0x00,0x00,0x00,0x00,0x00,0x00,0x00,0x0C,
  0xFF,0xFF,0xFF,0x34,0x00,0x00,0x00,0x00,0x00,0x00,0x00,0x00,0x00,0x00,0x00,0x00,
  0x00,0x00,0x00,0x00,0x00,0x00,0x00,0x00,0x00,0x00,0x00,0x00,0x00,0x00,0x00,0x00,
  0x00,0x00,0x00,0x00,0x00,0x00,0x00,0x00,0x00,0x00,0x00,0x00,0x00,0x00,0x00,0x00,
  0x00,0x00,0x00,0x00,0x00,0x00,0x00,0x38,0xFF,0xFF,0xFF,0x58,0x00,0x00,0x38,0xFF,
  0xFF,0xFF,0x58,0x00,0x00,0x38,0xFF,0xFF,0xFF,0x57,0x00,0x00,0x38,0xFF,0xFF,0xFF,
  0x4D,0x00,0x00,0x00,0x00,0x9C,0xFF,0x33,0x00,0x00,0x0B,0x66,0xF8,0xE9,0x06,0x00,
  0x00,0x58,0xFF,0xFE,0x57,0x00,0x00,0x00,0x0A,0xCA,0x48,0x00,0x00,0x00,0x00,0x88,
  0xFF,0xFF,0xFF,0xFF,0xFF,0xFF,0x78,0x00,0x88,0xFF,0xFF,0xFF,0xFF,0xFF,0xFF,0x78,
  0x00,0x88,0xFF,0xFF,0xFF,0xFF,0xFF,0xFF,0x78,0x00,0x88,0xFF,0xFF,0xFF,0xFF,0xFF,
  0xFF,0x78,0x00,0x00,0x00,0x00,0x00,0x00,0x00,0x00,0x00,0x00,0x00,0x00,0x00,0x00,
  0x00,0x00,0x00,0x00,0x00,0x00,0x00,0x00,0x00,0x00,0x00,0x00,0x00,0x00,0x00,0x00,
  0x00,0x00,0x00,0x00,0x00,0x00,0x00,0x00,0x00,0x00,0x00,0x00,0x00,0x00,0x00,0x00,
  0x24,0xFF,0xFF,0xFF,0x70,0x00,0x00,0x24,0xFF,0xFF,0xFF,0x70,0x00,0x00,0x24,0xFF,
  0xFF,0xFF,0x70,0x00,0x00,0x24,0xFF,0xFF,0xFF,0x70,0x00,0x00,0x00,0x00,0x00,0x00,
  0x8C,0xFF,0xFF,0x20,0x00,0x00,0x00,0x00,0x00,0xCA,0xFF,0xE1,0x00,0x00,0x00,0x00,
  0x00,0x0B,0xFB,0xFF,0xA2,0x00,0x00,0x00,0x00,0x00,0x46,0xFF,0xFF,0x64,0x00,0x00,
  0x00,0x00,0x00,0x84,0xFF,0xFF,0x25,0x00,0x00,0x00,0x00,0x00,0xC2,0xFF,0xE6,0x00,
  0x00,0x00,0x00,0x00,0x07,0xF8,0xFF,0xA7,0x00,0x00,0x00,0x00,0x00,0x3E,0xFF,0xFF,
  0x69,0x00,0x00,0x00,0x00,0x00,0x7C,0xFF,0xFF,0x2A,0x00,0x00,0x00,0x00,0x00,0xBA,
  0xFF,0xEA,0x01,0x00,0x00,0x00,0x00,0x04,0xF4,0xFF,0xAC,0x00,0x00,0x00,0x00,0x00,
  0x37,0xFF,0xFF,0x6E,0x00,0x00,0x00,0x00,0x00,0x75,0xFF,0xFF,0x2F,0x00,0x00,0x00,
  0x00,0x00,0xB3,0xFF,0xEE,0x02,0x00,0x00,0x00,0x00,0x02,0xEE,0xFF,0xB1,0x00,0x00,
  0x00,0x00,0x00,0x2F,0xFF,0xFF,0x73,0x00,0x00,0x00,0x00,0x00,0x6D,0xFF,0xFF,0x34,
  0x00,0x00,0x00,0x00,0x00,0xAB,0xFF,0xF2,0x03,0x00,0x00,0x00,0x00,0x00,0xE8,0xFF,
  0xB7,0x00,0x00,0x00,0x00,0x00,0x00,0x00,0x00,0x01,0x5E,0xC2,0xF0,0xF6,0xD4,0x7F,
  0x0B,0x00,0x00,0x00,0x00,0x00,0x03,0xA7,0xFF,0xFF,0xFF,0xFF,0xFF,0xFF,0xD6,0x17,
  0x00,0x00,0x00,0x00,0x6F,0xFF,0xFF,0xFF,0xFF,0xFF,0xFF,0xFF,0xFF,0xB3,0x00,0x00,
  0x00,0x06,0xEE,0xFF,0xFF,0xD9,0x29,0x13,0xAD,0xFF,0xFF,0xFF,0x39,0x00,0x00,0x4C,
  0xFF,0xFF,0xFF,0x57,0x00,0x00,0x16,0xFB,0xFF,0xFF,0x90,0x00,0x00,0x8A,0xFF,0xFF,
  0xFF,0x14,0x00,0x00,0x00,0xC9,0xFF,0xFF,0xCE,0x00,0x00,0xB5,0xFF,0xFF,0xF2,0x00,
  0x00,0x00,0x00,0xA8,0xFF,0xFF,0xF5,0x02,0x00,0xD0,0xFF,0xFF,0xE0,0x00,0x00,0x00,
  0x00,0x99,0xFF,0xFF,0xFF,0x14,0x00,0xDD,0xFF,0xFF,0xD7,0x00,0x00,0x00,0x00,0x90,
  0xFF,0xFF,0xFF,0x20,0x00,0xE5,0xFF,0xFF,0xD4,0x00,0x00,0x00,0x00,0x8D,0xFF,0xFF,
  0xFF,0x28,0x00,0xDD,0xFF,0xFF,0xD6,0x00,0x00,0x00,0x00,0x90,0xFF,0xFF,0xFF,0x1F,
  0x00,0xD2,0xFF,0xFF,0xDE,0x00,0x00,0x00,0x00,0x98,0xFF,0xFF,0xFF,0x13,0x00,0xB9,
  0xFF,0xFF,0xEF,0x00,0x00,0x00,0x00,0xAA,0xFF,0xFF,0xF5,0x01,0x00,0x92,0xFF,0xFF,
  0xFF,0x10,0x00,0x00,0x00,0xCC,0xFF,0xFF,0xCD,0x00,0x00,0x57,0xFF,0xFF,0xFF,0x58,
  0x00,0x00,0x14,0xFA,0xFF,0xFF,0x8F,0x00,0x00,0x0E,0xF5,0xFF,0xFF,0xDB,0x29,0x13,
  0xA8,0xFF,0xFF,0xFF,0x37,0x00,0x00,0x00,0x7E,0xFF,0xFF,0xFF,0xFF,0xFF,0xFF,0xFF,
  0xFF,0xB2,0x00,0x00,0x00,0x00,0x03,0xA7,0xFF,0xFF,0xFF,0xFF,0xFF,0xFF,0xD7,0x18,
  0x00,0x00,0x00,0x00,0x00,0x00,0x5A,0xC0,0xF0,0xF7,0xD5,0x81,0x0C,0x00,0x00,0x00,
  0x00,0x00,0x00,0x00,0x00,0x00,0x02,0xDC,0xFF,0xFF,0x3C,0x00,0x00,0x00,0x00,0x00,
  0x00,0x00,0x00,0x00,0x69,0xFF,0xFF,0xFF,0x3C,0x00,0x00,0x00,0x00,0x00,0x00,0x00,
  0x00,0x3F,0xF7,0xFF,0xFF,0xFF,0x3C,0x00,0x00,0x00,0x00,0x00,0x00,0x00,0x66,0xF7,
  0xFF,0xFF,0xFF,0xFF,0x3C,0x00,0x00,0x00,0x00,0x00,0x35,0xB7,0xFF,0xFF,0xFF,0xFF,
  0xFF,0xFF,0x3C,0x00,0x00,0x00,0x00,0x00,0xF0,0xFF,0xFF,0xFF,0xF1,0xFF,0xFF,0xFF,
  0x3C,0x00,0x00,0x00,0x00,0x00,0xF0,0xFF,0xFF,0xC9,0x63,0xFF,0xFF,0xFF,0x3C,0x00,
  0x00,0x00,0x00,0x00,0xF0,0xFF,0xA2,0x09,0x54,0xFF,0xFF,0xFF,0x3C,0x00,0x00,0x00,
  0x00,0x00,0xBA,0x47,0x00,0x00,0x54,0xFF,0xFF,0xFF,0x3C,0x00,0x00,0x00,0x00,0x00,
  0x00,0x00,0x00,0x00,0x54,0xFF,0xFF,0xFF,0x3C,0x00,0x00,0x00,0x00,0x00,0x00,0x00,
  0x00,0x00,0x54,0xFF,0xFF,0xFF,0x3C,0x00,0x00,0x00,0x00,0x00,0x00,0x00,0x00,0x00,
  0x54,0xFF,0xFF,0xFF,0x3C,0x00,0x00,0x00,0x00,0x00,0x00,0x00,0x00,0x00,0x54,0xFF,
  0xFF,0xFF,0x3C,0x00,0x00,0x00,0x00,0x00,0x00,0x00,0x00,0x00,0x54,0xFF,0xFF,0xFF,
  0x3C,0x00,0x00,0x00,0x00,0x00,0x00,0x00,0x00,0x00,0x54,0xFF,0xFF,0xFF,0x3C,0x00,
  0x00,0x00,0x00,0x00,0x00,0x00,0x00,0x00,0x54,0xFF,0xFF,0xFF,0x3C,0x00,0x00,0x00,
  0x00,0x00,0x00,0x00,0x00,0x00,0x54,0xFF,0xFF,0xFF,0x3C,0x00,0x00,0x00,0x00,0x00,
  0x00,0x00,0x00,0x00,0x54,0xFF,0xFF,0xFF,0x3C,0x00,0x00,0x00,0x00,0x00,0x00,0x00,
  0x00,0x00,0x54,0xFF,0xFF,0xFF,0x3C,0x00,0x00,0x00,0x00,0x00,0x00,0x11,0x7D,0xCB,
  0xF2,0xF9,0xE3,0xA7,0x39,0x00,0x00,0x00,0x00,0x00,0x33,0xE8,0xFF,0xFF,0xFF,0xFF,
  0xFF,0xFF,0xFE,0x7A,0x00,0x00,0x00,0x0E,0xE6,0xFF,0xFF,0xFF,0xFF,0xFF,0xFF,0xFF,
  0xFF,0xFF,0x51,0x00,0x00,0x71,0xFF,0xFF,0xFF,0xAA,0x1F,0x0F,0x62,0xFB,0xFF,0xFF,
  0xD0,0x00,0x00,0xBD,0xFF,0xFF,0xEC,0x0B,0x00,0x00,0x00,0x9E,0xFF,0xFF,0xFF,0x10,
  0x00,0x9C,0xCA,0xE3,0xB1,0x00,0x00,0x00,0x00,0x76,0xFF,0xFF,0xFF,0x21,0x00,0x00,
  0x00,0x00,0x00,0x00,0x00,0x00,0x00,0x9C,0xFF,0xFF,0xFE,0x0D,0x00,0x00,0x00,0x00,
  0x00,0x00,0x00,0x00,0x18,0xF5,0xFF,0xFF,0xCF,0x00,0x00,0x00,0x00,0x00,0x00,0x00,
  0x00,0x08,0xC2,0xFF,0xFF,0xFF,0x68,0x00,0x00,0x00,0x00,0x00,0x00,0x00,0x07,0xB7,
  0xFF,0xFF,0xFF,0xD3,0x06,0x00,0x00,0x00,0x00,0x00,0x00,0x0A,0xBA,0xFF,0xFF,0xFF,
  0xF6,0x31,0x00,0x00,0x00,0x00,0x00,0x00,0x0B,0xC0,0xFF,0xFF,0xFF,0xF9,0x4A,0x00,
  0x00,0x00,0x00,0x00,0x00,0x09,0xC1,0xFF,0xFF,0xFF,0xF8,0x4D,0x00,0x00,0x00,0x00,
  0x00,0x00,0x02,0xB2,0xFF,0xFF,0xFF,0xF6,0x46,0x00,0x00,0x00,0x00,0x00,0x00,0x00,
  0x85,0xFF,0xFF,0xFF,0xF8,0x44,0x00,0x00,0x00,0x00,0x00,0x00,0x00,0x2F,0xFD,0xFF,
  0xFF,0xFF,0x6B,0x00,0x00,0x00,0x00,0x00,0x00,0x00,0x00,0xA8,0xFF,0xFF,0xFF,0xFF,
  0xFF,0xFF,0xFF,0xFF,0xFF,0xFF,0xFF,0x28,0x0B,0xFB,0xFF,0xFF,0xFF,0xFF,0xFF,0xFF,
  0xFF,0xFF,0xFF,0xFF,0xFF,0x28,0x40,0xFF,0xFF,0xFF,0xFF,0xFF,0xFF,0xFF,0xFF,0xFF,
  0xFF,0xFF,0xFF,0x28,0x00,0x00,0x00,0x18,0x89,0xD4,0xF4,0xF4,0xD0,0x7E,0x0E,0x00,
  0x00,0x00,0x00,0x00,0x3E,0xF2,0xFF,0xFF,0xFF,0xFF,0xFF,0xFF,0xDB,0x22,0x00,0x00,
  0x00,0x0E,0xEB,0xFF,0xFF,0xFF,0xFF,0xFF,0xFF,0xFF,0xFF,0xD3,0x04,0x00,0x00,0x6E,
  0xFF,0xFF,0xFE,0x72,0x0F,0x1C,0xB1,0xFF,0xFF,0xFF,0x4E,0x00,0x00,0x67,0xB8,0xDC,
  0xAB,0x00,0x00,0x00,0x26,0xFF,0xFF,0xFF,0x78,0x00,0x00,0x00,0x00,0x00,0x00,0x00,
  0x00,0x00,0x3D,0xFF,0xFF,0xFF,0x5D,0x00,0x00,0x00,0x00,0x00,0x00,0x00,0x0D,0x43,
  0xD8,0xFF,0xFF,0xEB,0x0D,0x00,0x00,0x00,0x00,0x00,0x00,0x1C,0xFF,0xFF,0xFF,0xFF,
  0xEE,0x39,0x00,0x00,0x00,0x00,0x00,0x00,0x00,0x3A,0xFF,0xFF,0xFF,0xFC,0x5C,0x01,
  0x00,0x00,0x00,0x00,0x00,0x00,0x00,0x59,0xFF,0xFF,0xFF,0xFF,0xFF,0xBB,0x0D,0x00,
  0x00,0x00,0x00,0x00,0x00,0x17,0x13,0x11,0x74,0xFE,0xFF,0xFF,0xA0,0x00,0x00,0x00,
  0x00,0x00,0x00,0x00,0x00,0x00,0x00,0xA3,0xFF,0xFF,0xFD,0x19,0x00,0x00,0x00,0x00,
  0x00,0x00,0x00,0x00,0x00,0x60,0xFF,0xFF,0xFF,0x44,0x00,0x94,0xBC,0xDF,0x8A,0x00,
  0x00,0x00,0x00,0x67,0xFF,0xFF,0xFF,0x4B,0x00,0xD0,0xFF,0xFF,0xDD,0x06,0x00,0x00,
  0x00,0xB2,0xFF,0xFF,0xFF,0x22,0x00,0x78,0xFF,0xFF,0xFF,0xA9,0x1E,0x16,0x84,0xFF,
  0xFF,0xFF,0xC5,0x00,0x00,0x0A,0xDD,0xFF,0xFF,0xFF,0xFF,0xFF,0xFF,0xFF,0xFF,0xF7,
  0x33,0x00,0x00,0x00,0x25,0xDC,0xFF,0xFF,0xFF,0xFF,0xFF,0xFF,0xF0,0x48,0x00,0x00,
  0x00,0x00,0x00,0x0D,0x79,0xCE,0xF5,0xF7,0xD7,0x8C,0x1A,0x00,0x00,0x00,0x00,0x00,
  0x00,0x00,0x00,0x00,0x00,0x02,0xC3,0xFF,0xFF,0x8C,0x00,0x00,0x00,0x00,0x00,0x00,
  0x00,0x00,0x00,0x73,0xFF,0xFF,0xFF,0x8C,0x00,0x00,0x00,0x00,0x00,0x00,0x00,0x00,
  0x27,0xF7,0xFF,0xFF,0xFF,0x8C,0x00,0x00,0x00,0x00,0x00,0x00,0x00,0x03,0xC7,0xFF,
  0xFF,0xFF,0xFF,0x8C,0x00,0x00,0x00,0x00,0x00,0x00,0x00,0x77,0xFF,0xFF,0xFF,0xFF,
  0xFF,0x8C,0x00,0x00,0x00,0x00,0x00,0x00,0x2A,0xF8,0xFF,0xFB,0xF9,0xFF,0xFF,0x8C,
  0x00,0x00,0x00,0x00,0x00,0x03,0xCA,0xFF,0xFF,0x84,0xE8,0xFF,0xFF,0x8C,0x00,0x00,
  0x00,0x00,0x00,0x7B,0xFF,0xFF,0xD2,0x06,0xE8,0xFF,0xFF,0x8C,0x00,0x00,0x00,0x00,
  0x2D,0xF9,0xFF,0xFB,0x31,0x00,0xE8,0xFF,0xFF,0x8C,0x00,0x00,0x00,0x05,0xCE,0xFF,
  0xFF,0x81,0x00,0x00,0xE8,0xFF,0xFF,0x8C,0x00,0x00,0x00,0x80,0xFF,0xFF,0xCF,0x05,
  0x00,0x00,0xE8,0xFF,0xFF,0x8C,0x00,0x00,0x30,0xFA,0xFF,0xFA,0x2F,0x00,0x00,0x00,
  0xE8,0xFF,0xFF,0x8C,0x00,0x00,0x83,0xFF,0xFF,0xFF,0xFF,0xFF,0xFF,0xFF,0xFF,0xFF,
  0xFF,0xFF,0xFF,0xDC,0x84,0xFF,0xFF,0xFF,0xFF,0xFF,0xFF,0xFF,0xFF,0xFF,0xFF,0xFF,
  0xFF,0xDC,0x84,0xFF,0xFF,0xFF,0xFF,0xFF,0xFF,0xFF,0xFF,0xFF,0xFF,0xFF,0xFF,0xDC,
  0x00,0x00,0x00,0x00,0x00,0x00,0x00,0x00,0xE8,0xFF,0xFF,0x8C,0x00,0x00,0x00,0x00,
  0x00,0x00,0x00,0x00,0x00,0x00,0xE8,0xFF,0xFF,0x8C,0x00,0x00,0x00,0x00,0x00,0x00,
  0x00,0x00,0x00,0x00,0xE8,0xFF,0xFF,0x8C,0x00,0x00,0x00,0x00,0x00,0x00,0x00,0x00,
  0x00,0x00,0xE8,0xFF,0xFF,0x8C,0x00,0x00,0x00,0x00,0x00,0xAD,0xFF,0xFF,0xFF,0xFF,
  0xFF,0xFF,0xFF,0xFF,0xD8,0x00,0x00,0x00,0x00,0xDD,0xFF,0xFF,0xFF,0xFF,0xFF,0xFF,
  0xFF,0xFF,0xD8,0x00,0x00,0x00,0x0E,0xFE,0xFF,0xFF,0xFF,0xFF,0xFF,0xFF,0xFF,0xFF,
  0xD8,0x00,0x00,0x00,0x3D,0xFF,0xFF,0xFF,0x0C,0x00,0x00,0x00,0x00,0x00,0x00,0x00,
  0x00,0x00,0x6E,0xFF,0xFF,0xE4,0x00,0x00,0x00,0x00,0x00,0x00,0x00,0x00,0x00,0x00,
  0x9E,0xFF,0xFF,0xBC,0x00,0x00,0x00,0x00,0x00,0x00,0x00,0x00,0x00,0x00,0xCE,0xFF,
  0xFF,0xCC,0xBD,0xEF,0xF3,0xC5,0x5F,0x01,0x00,0x00,0x00,0x05,0xF9,0xFF,0xFF,0xFF,
  0xFF,0xFF,0xFF,0xFF,0xFF,0xAE,0x06,0x00,0x00,0x2F,0xFF,0xFF,0xFF,0xFF,0xFF,0xFF,
  0xFF,0xFF,0xFF,0xFF,0x91,0x00,0x00,0x3E,0xC9,0xE5,0xE9,0x6C,0x21,0x0F,0x5B,0xF1,
  0xFF,0xFF,0xFC,0x21,0x00,0x00,0x00,0x00,0x00,0x00,0x00,0x00,0x00,0x6B,0xFF,0xFF,
  0xFF,0x71,0x00,0x00,0x00,0x00,0x00,0x00,0x00,0x00,0x00,0x1E,0xFF,0xFF,0xFF,0x9B,
  0x00,0x00,0x00,0x00,0x00,0x00,0x00,0x00,0x00,0x08,0xFF,0xFF,0xFF,0xA6,0x00,0x7F,
  0xBC,0xDB,0xCA,0x00,0x00,0x00,0x00,0x23,0xFF,0xFF,0xFF,0x8F,0x00,0x9E,0xFF,0xFF,
  0xFE,0x2F,0x00,0x00,0x00,0x78,0xFF,0xFF,0xFF,0x53,0x00,0x45,0xFF,0xFF,0xFF,0xD9,
  0x39,0x0F,0x5D,0xF4,0xFF,0xFF,0xE4,0x06,0x00,0x00,0xB7,0xFF,0xFF,0xFF,0xFF,0xFF,
  0xFF,0xFF,0xFF,0xFE,0x4F,0x00,0x00,0x00,0x10,0xC5,0xFF,0xFF,0xFF,0xFF,0xFF,0xFF,
  0xFA,0x68,0x00,0x00,0x00,0x00,0x00,0x05,0x67,0xC3,0xF0,0xF8,0xDF,0x9C,0x2D,0x00,
  0x00,0x00,0x00,0x00,0x00,0x00,0x16,0x88,0xD5,0xF5,0xF4,0xC8,0x65,0x02,0x00,0x00,
  0x00,0x00,0x00,0x42,0xEE,0xFF,0xFF,0xFF,0xFF,0xFF,0xFF,0xB0,0x04,0x00,0x00,0x00,
  0x2B,0xF6,0xFF,0xFF,0xFF,0xFF,0xFF,0xFF,0xFF,0xFF,0x73,0x00,0x00,0x00,0xC2,0xFF,
  0xFF,0xFD,0x6B,0x0A,0x30,0xDD,0xFF,0xFF,0xE2,0x00,0x00,0x28,0xFF,0xFF,0xFF,0x96,
  0x00,0x00,0x00,0x64,0xEC,0xD1,0xB6,0x12,0x00,0x75,0xFF,0xFF,0xFF,0x3A,0x00,0x00,
  0x00,0x00,0x00,0x00,0x00,0x00,0x00,0xA4,0xFF,0xFF,0xFD,0x08,0x00,0x00,0x00,0x00,
  0x00,0x00,0x00,0x00,0x00,0xC8,0xFF,0xFF,0xE4,0x23,0xA9,0xEE,0xF5,0xCA,0x66,0x02,
  0x00,0x00,0x00,0xD6,0xFF,0xFF,0xEA,0xED,0xFF,0xFF,0xFF,0xFF,0xFF,0xB4,0x06,0x00,
  0x00,0xE0,0xFF,0xFF,0xFF,0xFF,0xFF,0xFF,0xFF,0xFF,0xFF,0xFF,0x92,0x00,0x00,0xDA,
  0xFF,0xFF,0xFF,0xE9,0x4A,0x0C,0x3C,0xDC,0xFF,0xFF,0xFB,0x1B,0x00,0xCD,0xFF,0xFF,
  0xFF,0x60,0x00,0x00,0x00,0x44,0xFF,0xFF,0xFF,0x60,0x00,0xAF,0xFF,0xFF,0xFF,0x28,
  0x00,0x00,0x00,0x08,0xFE,0xFF,0xFF,0x7F,0x00,0x82,0xFF,0xFF,0xFF,0x36,0x00,0x00,
  0x00,0x04,0xFC,0xFF,0xFF,0x7B,0x00,0x3D,0xFF,0xFF,0xFF,0x84,0x00,0x00,0x00,0x32,
  0xFF,0xFF,0xFF,0x58,0x00,0x01,0xDA,0xFF,0xFF,0xF8,0x69,0x10,0x2B,0xCA,0xFF,0xFF,
  0xF6,0x13,0x00,0x00,0x46,0xFE,0xFF,0xFF,0xFF,0xFF,0xFF,0xFF,0xFF,0xFF,0x80,0x00,
  0x00,0x00,0x00,0x63,0xFA,0xFF,0xFF,0xFF,0xFF,0xFF,0xFF,0x9D,0x02,0x00,0x00,0x00,
  0x00,0x00,0x2B,0xA0,0xE3,0xFA,0xEB,0xB5,0x4C,0x00,0x00,0x00,0x00,0xE4,0xFF,0xFF,
  0xFF,0xFF,0xFF,0xFF,0xFF,0xFF,0xFF,0xFF,0xFF,0x50,0x00,0xE4,0xFF,0xFF,0xFF,0xFF,
  0xFF,0xFF,0xFF,0xFF,0xFF,0xFF,0xFF,0x50,0x00,0xE4,0xFF,0xFF,0xFF,0xFF,0xFF,0xFF,
  0xFF,0xFF,0xFF,0xFF,0xFF,0x50,0x00,0x00,0x00,0x00,0x00,0x00,0x00,0x00,0x29,0xF7,
  0xFF,0xFF,0xCE,0x0D,0x00,0x00,0x00,0x00,0x00,0x00,0x00,0x03,0xCB,0xFF,0xFF,0xEC,
  0x1D,0x00,0x00,0x00,0x00,0x00,0x00,0x00,0x00,0x6B,0xFF,0xFF,0xFF,0x57,0x00,0x00,
  0x00,0x00,0x00,0x00,0x00,0x00,0x0F,0xEC,0xFF,0xFF,0xB8,0x00,0x00,0x00,0x00,0x00,
  0x00,0x00,0x00,0x00,0x7B,0xFF,0xFF,0xFE,0x2A,0x00,0x00,0x00,0x00,0x00,0x00,0x00,
  0x00,0x08,0xEB,0xFF,0xFF,0xAD,0x00,0x00,0x00,0x00,0x00,0x00,0x00,0x00,0x00,0x5C,
  0xFF,0xFF,0xFF,0x34,0x00,0x00,0x00,0x00,0x00,0x00,0x00,0x00,0x00,0xBE,0xFF,0xFF,
  0xC6,0x00,0x00,0x00,0x00,0x00,0x00,0x00,0x00,0x00,0x15,0xFD,0xFF,0xFF,0x71,0x00,
  0x00,0x00,0x00,0x00,0x00,0x00,0x00,0x00,0x61,0xFF,0xFF,0xFF,0x1E,0x00,0x00,0x00,
  0x00,0x00,0x00,0x00,0x00,0x00,0xA2,0xFF,0xFF,0xD0,0x00,0x00,0x00,0x00,0x00,0x00,
  0x00,0x00,0x00,0x00,0xDD,0xFF,0xFF,0x9B,0x00,0x00,0x00,0x00,0x00,0x00,0x00,0x00,
  0x00,0x0C,0xFF,0xFF,0xFF,0x67,0x00,0x00,0x00,0x00,0x00,0x00,0x00,0x00,0x00,0x31,
  0xFF,0xFF,0xFF,0x3B,0x00,0x00,0x00,0x00,0x00,0x00,0x00,0x00,0x00,0x4C,0xFF,0xFF,
  0xFF,0x27,0x00,0x00,0x00,0x00,0x00,0x00,0x00,0x00,0x00,0x5C,0xFF,0xFF,0xFF,0x15,
  0x00,0x00,0x00,0x00,0x00,0x00,0x00,0x00,0x00,0x1B,0x8D,0xD5,0xF4,0xF8,0xDF,0xA1,
  0x30,0x00,0x00,0x00,0x00,0x00,0x37,0xEE,0xFF,0xFF,0xFF,0xFF,0xFF,0xFF,0xFB,0x61,
  0x00,0x00,0x00,0x08,0xE2,0xFF,0xFF,0xFF,0xFF,0xFF,0xFF,0xFF,0xFF,0xFB,0x29,0x00,
  0x00,0x4E,0xFF,0xFF,0xFF,0xA3,0x1B,0x0E,0x6F,0xFF,0xFF,0xFF,0x89,0x00,0x00,0x71,
  0xFF,0xFF,0xF9,0x08,0x00,0x00,0x00,0xC0,0xFF,0xFF,0xAC,0x00,0x00,0x59,0xFF,0xFF,
  0xF9,0x07,0x00,0x00,0x00,0xC2,0xFF,0xFF,0x93,0x00,0x00,0x0E,0xF0,0xFF,0xFF,0x9E,
  0x19,0x0E,0x6E,0xFF,0xFF,0xFF,0x36,0x00,0x00,0x00,0x44,0xF1,0xFF,0xFF,0xFF,0xFF,
  0xFF,0xFF,0xFD,0x73,0x00,0x00,0x00,0x00,0x00,0x48,0xFB,0xFF,0xFF,0xFF,0xFF,0xFF,
  0x90,0x01,0x00,0x00,0x00,0x00,0x6C,0xFD,0xFF,0xFF,0xFF,0xFF,0xFF,0xFF,0xFF,0xBA,
  0x07,0x00,0x00,0x38,0xFD,0xFF,0xFF,0xAB,0x22,0x12,0x6D,0xFB,0xFF,0xFF,0x93,0x00,
  0x00,0xA6,0xFF,0xFF,0xE4,0x07,0x00,0x00,0x00,0x91,0xFF,0xFF,0xF7,0x0F,0x00,0xDC,
  0xFF,0xFF,0xA2,0x00,0x00,0x00,0x00,0x4C,0xFF,0xFF,0xFF,0x37,0x00,0xEC,0xFF,0xFF,
  0xAB,0x00,0x00,0x00,0x00,0x51,0xFF,0xFF,0xFF,0x42,0x00,0xCF,0xFF,0xFF,0xE8,0x0B,
  0x00,0x00,0x00,0x95,0xFF,0xFF,0xFF,0x22,0x00,0x84,0xFF,0xFF,0xFF,0xB6,0x26,0x10,
  0x6B,0xFB,0xFF,0xFF,0xD6,0x00,0x00,0x12,0xE8,0xFF,0xFF,0xFF,0xFF,0xFF,0xFF,0xFF,
  0xFF,0xFF,0x4F,0x00,0x00,0x00,0x2D,0xE2,0xFF,0xFF,0xFF,0xFF,0xFF,0xFF,0xFD,0x72,
  0x00,0x00,0x00,0x00,0x00,0x0E,0x79,0xCA,0xF2,0xFA,0xE3,0xA4,0x34,0x00,0x00,0x00,
  0x00,0x00,0x00,0x1F,0x94,0xDC,0xF8,0xED,0xBD,0x59,0x00,0x00,0x00,0x00,0x00,0x00,
  0x4C,0xF4,0xFF,0xFF,0xFF,0xFF,0xFF,0xFF,0xB1,0x07,0x00,0x00,0x00,0x2C,0xF6,0xFF,
  0xFF,0xFF,0xFF,0xFF,0xFF,0xFF,0xFF,0x9F,0x00,0x00,0x00,0xAD,0xFF,0xFF,0xF7,0x59,
  0x0D,0x3B,0xD8,0xFF,0xFF,0xFF,0x37,0x00,0x06,0xF6,0xFF,0xFF,0x93,0x00,0x00,0x00,
  0x2C,0xFD,0xFF,0xFF,0x97,0x00,0x21,0xFF,0xFF,0xFF,0x61,0x00,0x00,0x00,0x00,0xDB,
  0xFF,0xFF,0xDE,0x00,0x23,0xFF,0xFF,0xFF,0x66,0x00,0x00,0x00,0x00,0xCC,0xFF,0xFF,
  0xFE,0x0B,0x0A,0xFB,0xFF,0xFF,0xA0,0x00,0x00,0x00,0x10,0xF3,0xFF,0xFF,0xFF,0x28,
  0x00,0xBC,0xFF,0xFF,0xFC,0x6B,0x10,0x23,0xB5,0xFF,0xFF,0xFF,0xFF,0x34,0x00,0x3D,
  0xFD,0xFF,0xFF,0xFF,0xFF,0xFF,0xFF,0xFF,0xFF,0xFF,0xFF,0x3C,0x00,0x00,0x67,0xFD,
  0xFF,0xFF,0xFF,0xFF,0xFF,0xD9,0xFF,0xFF,0xFF,0x31,0x00,0x00,0x00,0x37,0xB0,0xED,
  0xF7,0xCB,0x57,0x85,0xFF,0xFF,0xFF,0x23,0x00,0x00,0x00,0x00,0x00,0x00,0x00,0x00,
  0x00,0xA9,0xFF,0xFF,0xFA,0x05,0x00,0x00,0x00,0x00,0x00,0x00,0x00,0x00,0x00,0xDD,
  0xFF,0xFF,0xD1,0x00,0x00,0x7F,0xC4,0xE0,0xBF,0x00,0x00,0x00,0x3A,0xFF,0xFF,0xFF,
  0x84,0x00,0x00,0x88,0xFF,0xFF,0xFF,0x67,0x0A,0x33,0xDD,0xFF,0xFF,0xFA,0x24,0x00,
  0x00,0x24,0xF9,0xFF,0xFF,0xFF,0xFF,0xFF,0xFF,0xFF,0xFF,0x80,0x00,0x00,0x00,0x00,
  0x69,0xFE,0xFF,0xFF,0xFF,0xFF,0xFF,0xFF,0x8F,0x01,0x00,0x00,0x00,0x00,0x00,0x3F,
  0xB3,0xEC,0xFA,0xE5,0xA9,0x3E,0x00,0x00,0x00,0x00,0x00,0x00,0x74,0xFF,0xFF,0xFF,
  0x20,0x00,0x00,0x00,0x00,0x74,0xFF,0xFF,0xFF,0x20,0x00,0x00,0x00,0x00,0x74,0xFF,
  0xFF,0xFF,0x20,0x00,0x00,0x00,0x00,0x74,0xFF,0xFF,0xFF,0x20,0x00,0x00,0x00,0x00,
  0x00,0x00,0x00,0x00,0x00,0x00,0x00,0x00,0x00,0x00,0x00,0x00,0x00,0x00,0x00,0x00,
  0x00,0x00,0x00,0x00,0x00,0x00,0x00,0x00,0x00,0x00,0x00,0x00,0x00,0x00,0x00,0x00,
  0x00,0x00,0x00,0x00,0x00,0x00,0x00,0x00,0x00,0x00,0x00,0x00,0x00,0x00,0x00,0x00,
  0x00,0x00,0x00,0x00,0x00,0x00,0x74,0xFF,0xFF,0xFF,0x20,0x00,0x00,0x00,0x00,0x74,
  0xFF,0xFF,0xFF,0x20,0x00,0x00,0x00,0x00,0x74,0xFF,0xFF,0xFF,0x20,0x00,0x00,0x00,
  0x00,0x74,0xFF,0xFF,0xFF,0x20,0x00,0x00,0x00,0x00,0x00,0x00,0x26,0x95,0xD8,0xF5,
  0xF7,0xDF,0xA7,0x46,0x00,0x00,0x00,0x00,0x00,0x00,0x00,0x69,0xFA,0xFF,0xFF,0xFF,
  0xFF,0xFF,0xFF,0xFF,0xAD,0x0A,0x00,0x00,0x00,0x00,0x5A,0xFF,0xFF,0xFF,0xFF,0xFF,
  0xFF,0xFF,0xFF,0xFF,0xFF,0xB4,0x00,0x00,0x00,0x0E,0xEC,0xFF,0xFF,0xF0,0x69,0x1A,
  0x0C,0x3B,0xC3,0xFF,0xFF,0xFF,0x4E,0x00,0x00,0x60,0xFF,0xFF,0xFF,0x47,0x00,0x00,
  0x00,0x00,0x0B,0xEF,0xFF,0xFF,0x9B,0x00,0x00,0x96,0xFF,0xFF,0xCE,0x00,0x00,0x00,
  0x00,0x00,0x00,0xDB,0xFF,0xFF,0xA7,0x00,0x00,0x00,0x00,0x00,0x00,0x00,0x00,0x00,
  0x00,0x00,0x69,0xFF,0xFF,0xFF,0x69,0x00,0x00,0x00,0x00,0x00,0x00,0x00,0x00,0x00,
  0x08,0x96,0xFF,0xFF,0xFF,0xCB,0x06,0x00,0x00,0x00,0x00,0x00,0x00,0x00,0x00,0x18,
  0xCC,0xFF,0xFF,0xFF,0xC3,0x11,0x00,0x00,0x00,0x00,0x00,0x00,0x00,0x00,0x0B,0xD6,
  0xFF,0xFF,0xFF,0x96,0x06,0x00,0x00,0x00,0x00,0x00,0x00,0x00,0x00,0x00,0x6B,0xFF,
  0xFF,0xFF,0x66,0x00,0x00,0x00,0x00,0x00,0x00,0x00,0x00,0x00,0x00,0x00,0xA5,0xFF,
  0xFF,0xB3,0x00,0x00,0x00,0x00,0x00,0x00,0x00,0x00,0x00,0x00,0x00,0x00,0xB5,0xFF,
  0xFF,0x8E,0x00,0x00,0x00,0x00,0x00,0x00,0x00,0x00,0x00,0x00,0x00,0x00,0x00,0x00,
  0x00,0x00,0x00,0x00,0x00,0x00,0x00,0x00,0x00,0x00,0x00,0x00,0x00,0x00,0x00,0x00,
  0x00,0x00,0x00,0x00,0x00,0x00,0x00,0x00,0x00,0x00,0x00,0x00,0x00,0x00,0xB4,0xFF,
  0xFF,0xDC,0x00,0x00,0x00,0x00,0x00,0x00,0x00,0x00,0x00,0x00,0x00,0x00,0xB4,0xFF,
  0xFF,0xDC,0x00,0x00,0x00,0x00,0x00,0x00,0x00,0x00,0x00,0x00,0x00,0x00,0xB4,0xFF,
  0xFF,0xDC,0x00,0x00,0x00,0x00,0x00,0x00,0x00,0x00,0x00,0x00,0x00,0x00,0xB4,0xFF,
  0xFF,0xDC,0x00,0x00,0x00,0x00,0x00,0x00,0x00,0x00,0x00,0x00,0x00,0x00,0x05,0xEB,
  0xFF,0xFF,0xFF,0x69,0x00,0x00,0x00,0x00,0x00,0x00,0x00,0x00,0x00,0x00,0x00,0x00,
  0x00,0x53,0xFF,0xFF,0xFF,0xFF,0xCE,0x00,0x00,0x00,0x00,0x00,0x00,0x00,0x00,0x00,
  0x00,0x00,0x00,0x00,0xB5,0xFF,0xFF,0xFF,0xFF,0xFF,0x32,0x00,0x00,0x00,0x00,0x00,
  0x00,0x00,0x00,0x00,0x00,0x00,0x19,0xFC,0xFF,0xFF,0xFF,0xFF,0xFF,0x97,0x00,0x00,
  0x00,0x00,0x00,0x00,0x00,0x00,0x00,0x00,0x00,0x78,0xFF,0xFF,0xF9,0xB6,0xFF,0xFF,
  0xF1,0x0A,0x00,0x00,0x00,0x00,0x00,0x00,0x00,0x00,0x00,0x00,0xD8,0xFF,0xFF,0xB6,
  0x56,0xFF,0xFF,0xFF,0x60,0x00,0x00,0x00,0x00,0x00,0x00,0x00,0x00,0x00,0x3B,0xFF,
  0xFF,0xFF,0x66,0x0C,0xF7,0xFF,0xFF,0xC4,0x00,0x00,0x00,0x00,0x00,0x00,0x00,0x00,
  0x00,0x9D,0xFF,0xFF,0xFD,0x18,0x00,0xB2,0xFF,0xFF,0xFF,0x29,0x00,0x00,0x00,0x00,
  0x00,0x00,0x00,0x0B,0xF3,0xFF,0xFF,0xC5,0x00,0x00,0x60,0xFF,0xFF,0xFF,0x8D,0x00,
  0x00,0x00,0x00,0x00,0x00,0x00,0x60,0xFF,0xFF,0xFF,0x74,0x00,0x00,0x12,0xFB,0xFF,
  0xFF,0xEB,0x06,0x00,0x00,0x00,0x00,0x00,0x00,0xC2,0xFF,0xFF,0xFF,0x24,0x00,0x00,
  0x00,0xBC,0xFF,0xFF,0xFF,0x56,0x00,0x00,0x00,0x00,0x00,0x24,0xFF,0xFF,0xFF,0xD4,
  0x00,0x00,0x00,0x00,0x69,0xFF,0xFF,0xFF,0xBA,0x00,0x00,0x00,0x00,0x00,0x85,0xFF,
  0xFF,0xFF,0xFF,0xFF,0xFF,0xFF,0xFF,0xFF,0xFF,0xFF,0xFF,0xFE,0x20,0x00,0x00,0x00,
  0x02,0xE3,0xFF,0xFF,0xFF,0xFF,0xFF,0xFF,0xFF,0xFF,0xFF,0xFF,0xFF,0xFF,0xFF,0x83,
  0x00,0x00,0x00,0x49,0xFF,0xFF,0xFF,0xFF,0xFF,0xFF,0xFF,0xFF,0xFF,0xFF,0xFF,0xFF,
  0xFF,0xFF,0xE4,0x03,0x00,0x00,0xAA,0xFF,0xFF,0xFF,0x52,0x00,0x00,0x00,0x00,0x00,
  0x00,0x00,0xD4,0xFF,0xFF,0xFF,0x4C,0x00,0x12,0xF8,0xFF,0xFF,0xEA,0x05,0x00,0x00,
  0x00,0x00,0x00,0x00,0x00,0x6D,0xFF,0xFF,0xFF,0xB0,0x00,0x6E,0xFF,0xFF,0xFF,0x8E,
  0x00,0x00,0x00,0x00,0x00,0x00,0x00,0x00,0x0F,0xF5,0xFF,0xFF,0xFB,0x19,0xCF,0xFF,
  0xFF,0xFF,0x2C,0x00,0x00,0x00,0x00,0x00,0x00,0x00,0x00,0x00,0x9C,0xFF,0xFF,0xFF,
  0x79,0x00,0x18,0xFF,0xFF,0xFF,0xFF,0xFF,0xFF,0xFF,0xFF,0xFB,0xEE,0xD1,0x8E,0x1D,
  0x00,0x00,0x00,0x00,0x00,0x18,0xFF,0xFF,0xFF,0xFF,0xFF,0xFF,0xFF,0xFF,0xFF,0xFF,
  0xFF,0xFF,0xF0,0x3D,0x00,0x00,0x00,0x00,0x18,0xFF,0xFF,0xFF,0xFF,0xFF,0xFF,0xFF,
  0xFF,0xFF,0xFF,0xFF,0xFF,0xFF,0xE8,0x0D,0x00,0x00,0x00,0x18,0xFF,0xFF,0xFF,0xFF,
  0xFF,0xFF,0xFF,0xFF,0xFF,0xFF,0xFF,0xFF,0xFF,0xFF,0x63,0x00,0x00,0x00,0x18,0xFF,
  0xFF,0xFF,0xA8,0x00,0x00,0x01,0x02,0x07,0x23,0xA1,0xFF,0xFF,0xFF,0x8A,0x00,0x00,
  0x00,0x18,0xFF,0xFF,0xFF,0xA8,0x00,0x00,0x00,0x00,0x00,0x00,0x23,0xFF,0xFF,0xFF,
  0x76,0x00,0x00,0x00,0x18,0xFF,0xFF,0xFF,0xA8,0x00,0x00,0x00,0x01,0x07,0x2C,0xAC,
  0xFF,0xFF,0xFD,0x26,0x00,0x00,0x00,0x18,0xFF,0xFF,0xFF,0xFF,0xFF,0xFF,0xFF,0xFF,
  0xFF,0xFF,0xFF,0xFF,0xFF,0x80,0x00,0x00,0x00,0x00,0x18,0xFF,0xFF,0xFF,0xFF,0xFF,
  0xFF,0xFF,0xFF,0xFF,0xFF,0xFF,0xFF,0x74,0x00,0x00,0x00,0x00,0x00,0x18,0xFF,0xFF,
  0xFF,0xFF,0xFF,0xFF,0xFF,0xFF,0xFF,0xFF,0xFF,0xFF,0xF6,0x83,0x00,0x00,0x00,0x00,
  0x18,0xFF,0xFF,0xFF,0xFF,0xFF,0xFF,0xFF,0xFF,0xFF,0xFF,0xFF,0xFF,0xFF,0xFF,0x89,
  0x00,0x00,0x00,0x18,0xFF,0xFF,0xFF,0xA8,0x00,0x00,0x00,0x03,0x0B,0x21,0x6D,0xF6,
  0xFF,0xFF,0xFA,0x1F,0x00,0x00,0x18,0xFF,0xFF,0xFF,0xA8,0x00,0x00,0x00,0x00,0x00,
  0x00,0x00,0x84,0xFF,0xFF,0xFF,0x5E,0x00,0x00,0x18,0xFF,0xFF,0xFF,0xA8,0x00,0x00,
  0x00,0x00,0x00,0x00,0x00,0x7D,0xFF,0xFF,0xFF,0x77,0x00,0x00,0x18,0xFF,0xFF,0xFF,
  0xA8,0x00,0x00,0x00,0x00,0x04,0x13,0x5B,0xF0,0xFF,0xFF,0xFF,0x5B,0x00,0x00,0x18,
  0xFF,0xFF,0xFF,0xFF,0xFF,0xFF,0xFF,0xFF,0xFF,0xFF,0xFF,0xFF,0xFF,0xFF,0xFB,0x14,
  0x00,0x00,0x18,0xFF,0xFF,0xFF,0xFF,0xFF,0xFF,0xFF,0xFF,0xFF,0xFF,0xFF,0xFF,0xFF,
  0xFF,0x90,0x00,0x00,0x00,0x18,0xFF,0xFF,0xFF,0xFF,0xFF,0xFF,0xFF,0xFF,0xFF,0xFF,
  0xFF,0xFF,0xFF,0xBA,0x09,0x00,0x00,0x00,0x18,0xFF,0xFF,0xFF,0xFF,0xFF,0xFF,0xFF,
  0xFC,0xF8,0xF1,0xE3,0xB6,0x5F,0x03,0x00,0x00,0x00,0x00,0x00,0x00,0x00,0x00,0x05,
  0x5E,0xAC,0xDF,0xF6,0xF3,0xD8,0x98,0x33,0x00,0x00,0x00,0x00,0x00,0x00,0x00,0x00,
  0x00,0x3B,0xDB,0xFF,0xFF,0xFF,0xFF,0xFF,0xFF,0xFF,0xFE,0x98,0x05,0x00,0x00,0x00,
  0x00,0x00,0x00,0x4E,0xF8,0xFF,0xFF,0xFF,0xFF,0xFF,0xFF,0xFF,0xFF,0xFF,0xFF,0xB1,
  0x02,0x00,0x00,0x00,0x00,0x24,0xF2,0xFF,0xFF,0xFF,0xFF,0xFF,0xFF,0xFF,0xFF,0xFF,
  0xFF,0xFF,0xFF,0x66,0x00,0x00,0x00,0x00,0xAD,0xFF,0xFF,0xFF,0xF9,0x83,0x28,0x07,
  0x1C,0x66,0xE7,0xFF,0xFF,0xFF,0xDF,0x02,0x00,0x00,0x1E,0xFD,0xFF,0xFF,0xFB,0x42,
  0x00,0x00,0x00,0x00,0x00,0x27,0xEF,0xFF,0xFF,0xFF,0x3C,0x00,0x00,0x62,0xFF,0xFF,
  0xFF,0x9E,0x00,0x00,0x00,0x00,0x00,0x00,0x00,0x84,0xC7,0x82,0x3D,0x05,0x00,0x00,
  0x99,0xFF,0xFF,0xFF,0x4F,0x00,0x00,0x00,0x00,0x00,0x00,0x00,0x00,0x00,0x00,0x00,
  0x00,0x00,0x00,0xB0,0xFF,0xFF,0xFF,0x29,0x00,0x00,0x00,0x00,0x00,0x00,0x00,0x00,
  0x00,0x00,0x00,0x00,0x00,0x00,0xBF,0xFF,0xFF,0xFF,0x1F,0x00,0x00,0x00,0x00,0x00,
  0x00,0x00,0x00,0x00,0x00,0x00,0x00,0x00,0x00,0xB5,0xFF,0xFF,0xFF,0x2C,0x00,0x00,
  0x00,0x00,0x00,0x00,0x00,0x00,0x00,0x00,0x00,0x00,0x00,0x00,0xA0,0xFF,0xFF,0xFF,
  0x53,0x00,0x00,0x00,0x00,0x00,0x00,0x00,0x00,0x00,0x00,0x00,0x00,0x00,0x00,0x6D,
  0xFF,0xFF,0xFF,0xA1,0x00,0x00,0x00,0x00,0x00,0x00,0x00,0x6E,0xCE,0x88,0x41,0x06,
  0x00,0x00,0x29,0xFF,0xFF,0xFF,0xFB,0x3F,0x00,0x00,0x00,0x00,0x00,0x1C,0xE5,0xFF,
  0xFF,0xFF,0x43,0x00,0x00,0x00,0xBA,0xFF,0xFF,0xFF,0xF7,0x7E,0x24,0x06,0x1A,0x60,
  0xE0,0xFF,0xFF,0xFF,0xE1,0x03,0x00,0x00,0x00,0x2F,0xF7,0xFF,0xFF,0xFF,0xFF,0xFF,
  0xFF,0xFF,0xFF,0xFF,0xFF,0xFF,0xFF,0x61,0x00,0x00,0x00,0x00,0x00,0x5B,0xFB,0xFF,
  0xFF,0xFF,0xFF,0xFF,0xFF,0xFF,0xFF,0xFF,0xFF,0xAB,0x00,0x00,0x00,0x00,0x00,0x00,
  0x00,0x46,0xE4,0xFF,0xFF,0xFF,0xFF,0xFF,0xFF,0xFF,0xFF,0x99,0x05,0x00,0x00,0x00,
  0x00,0x00,0x00,0x00,0x00,0x09,0x69,0xB7,0xE5,0xFA,0xF4,0xD4,0x97,0x34,0x00,0x00,
  0x00,0x00,0x00,0x00,0x20,0xFF,0xFF,0xFF,0xFF,0xFF,0xFF,0xFF,0xFB,0xED,0xCE,0x89,
  0x1C,0x00,0x00,0x00,0x00,0x00,0x00,0x20,0xFF,0xFF,0xFF,0xFF,0xFF,0xFF,0xFF,0xFF,
  0xFF,0xFF,0xFF,0xF8,0x5F,0x00,0x00,0x00,0x00,0x00,0x20,0xFF,0xFF,0xFF,0xFF,0xFF,
  0xFF,0xFF,0xFF,0xFF,0xFF,0xFF,0xFF,0xFF,0x5E,0x00,0x00,0x00,0x00,0x20,0xFF,0xFF,
  0xFF,0xFF,0xFF,0xFF,0xFF,0xFF,0xFF,0xFF,0xFF,0xFF,0xFF,0xF4,0x1F,0x00,0x00,0x00,
  0x20,0xFF,0xFF,0xFF,0xA4,0x00,0x00,0x04,0x0F,0x33,0x8E,0xFB,0xFF,0xFF,0xFF,0x8F,
  0x00,0x00,0x00,0x20,0xFF,0xFF,0xFF,0xA4,0x00,0x00,0x00,0x00,0x00,0x00,0x64,0xFF,
  0xFF,0xFF,0xEE,0x01,0x00,0x00,0x20,0xFF,0xFF,0xFF,0xA4,0x00,0x00,0x00,0x00,0x00,
  0x00,0x01,0xD7,0xFF,0xFF,0xFF,0x2A,0x00,0x00,0x20,0xFF,0xFF,0xFF,0xA4,0x00,0x00,
  0x00,0x00,0x00,0x00,0x00,0x94,0xFF,0xFF,0xFF,0x58,0x00,0x00,0x20,0xFF,0xFF,0xFF,
  0xA4,0x00,0x00,0x00,0x00,0x00,0x00,0x00,0x77,0xFF,0xFF,0xFF,0x69,0x00,0x00,0x20,
  0xFF,0xFF,0xFF,0xA4,0x00,0x00,0x00,0x00,0x00,0x00,0x00,0x6C,0xFF,0xFF,0xFF,0x77,
  0x00,0x00,0x20,0xFF,0xFF,0xFF,0xA4,0x00,0x00,0x00,0x00,0x00,0x00,0x00,0x77,0xFF,
  0xFF,0xFF,0x6D,0x00,0x00,0x20,0xFF,0xFF,0xFF,0xA4,0x00,0x00,0x00,0x00,0x00,0x00,
  0x00,0x91,0xFF,0xFF,0xFF,0x5C,0x00,0x00,0x20,0xFF,0xFF,0xFF,0xA4,0x00,0x00,0x00,
  0x00,0x00,0x00,0x00,0xCF,0xFF,0xFF,0xFF,0x31,0x00,0x00,0x20,0xFF,0xFF,0xFF,0xA4,
  0x00,0x00,0x00,0x00,0x00,0x00,0x47,0xFF,0xFF,0xFF,0xEF,0x03,0x00,0x00,0x20,0xFF,
  0xFF,0xFF,0xA4,0x00,0x00,0x01,0x08,0x22,0x71,0xF0,0xFF,0xFF,0xFF,0x8E,0x00,0x00,
  0x00,0x20,0xFF,0xFF,0xFF,0xFF,0xFF,0xFF,0xFF,0xFF,0xFF,0xFF,0xFF,0xFF,0xFF,0xF6,
  0x1F,0x00,0x00,0x00,0x20,0xFF,0xFF,0xFF,0xFF,0xFF,0xFF,0xFF,0xFF,0xFF,0xFF,0xFF,
  0xFF,0xFF,0x5E,0x00,0x00,0x00,0x00,0x20,0xFF,0xFF,0xFF,0xFF,0xFF,0xFF,0xFF,0xFF,
  0xFF,0xFF,0xFF,0xF6,0x64,0x00,0x00,0x00,0x00,0x00,0x20,0xFF,0xFF,0xFF,0xFF,0xFF,
  0xFF,0xFF,0xF9,0xEA,0xC2,0x7D,0x16,0x00,0x00,0x00,0x00,0x00,0x00,0x1C,0xFF,0xFF,
  0xFF,0xFF,0xFF,0xFF,0xFF,0xFF,0xFF,0xFF,0xFF,0xFF,0xFF,0xB0,0x00,0x00,0x1C,0xFF,
  0xFF,0xFF,0xFF,0xFF,0xFF,0xFF,0xFF,0xFF,0xFF,0xFF,0xFF,0xFF,0xB0,0x00,0x00,0x1C,
  0xFF,0xFF,0xFF,0xFF,0xFF,0xFF,0xFF,0xFF,0xFF,0xFF,0xFF,0xFF,0xFF,0xB0,0x00,0x00,
  0x1C,0xFF,0xFF,0xFF,0xFF,0xFF,0xFF,0xFF,0xFF,0xFF,0xFF,0xFF,0xFF,0xFF,0xB0,0x00,
  0x00,0x1C,0xFF,0xFF,0xFF,0xA8,0x00,0x00,0x00,0x00,0x00,0x00,0x00,0x00,0x00,0x00,
  0x00,0x00,0x1C,0xFF,0xFF,0xFF,0xA8,0x00,0x00,0x00,0x00,0x00,0x00,0x00,0x00,0x00,
  0x00,0x00,0x00,0x1C,0xFF,0xFF,0xFF,0xA8,0x00,0x00,0x00,0x00,0x00,0x00,0x00,0x00,
  0x00,0x00,0x00,0x00,0x1C,0xFF,0xFF,0xFF,0xFF,0xFF,0xFF,0xFF,0xFF,0xFF,0xFF,0xFF,
  0xFF,0xFF,0x00,0x00,0x00,0x1C,0xFF,0xFF,0xFF,0xFF,0xFF,0xFF,0xFF,0xFF,0xFF,0xFF,
  0xFF,0xFF,0xFF,0x00,0x00,0x00,0x1C,0xFF,0xFF,0xFF,0xFF,0xFF,0xFF,0xFF,0xFF,0xFF,
  0xFF,0xFF,0xFF,0xFF,0x00,0x00,0x00,0x1C,0xFF,0xFF,0xFF,0xFF,0xFF,0xFF,0xFF,0xFF,
  0xFF,0xFF,0xFF,0xFF,0xFF,0x00,0x00,0x00,0x1C,0xFF,0xFF,0xFF,0xA8,0x00,0x00,0x00,
  0x00,0x00,0x00,0x00,0x00,0x00,0x00,0x00,0x00,0x1C,0xFF,0xFF,0xFF,0xA8,0x00,0x00,
  0x00,0x00,0x00,0x00,0x00,0x00,0x00,0x00,0x00,0x00,0x1C,0xFF,0xFF,0xFF,0xA8,0x00,
  0x00,0x00,0x00,0x00,0x00,0x00,0x00,0x00,0x00,0x00,0x00,0x1C,0xFF,0xFF,0xFF,0xA8,
  0x00,0x00,0x00,0x00,0x00,0x00,0x00,0x00,0x00,0x00,0x00,0x00,0x1C,0xFF,0xFF,0xFF,
  0xFF,0xFF,0xFF,0xFF,0xFF,0xFF,0xFF,0xFF,0xFF,0xFF,0xFF,0x0C,0x00,0x1C,0xFF,0xFF,
  0xFF,0xFF,0xFF,0xFF,0xFF,0xFF,0xFF,0xFF,0xFF,0xFF,0xFF,0xFF,0x0C,0x00,0x1C,0xFF,
  0xFF,0xFF,0xFF,0xFF,0xFF,0xFF,0xFF,0xFF,0xFF,0xFF,0xFF,0xFF,0xFF,0x0C,0x00,0x1C,
  0xFF,0xFF,0xFF,0xFF,0xFF,0xFF,0xFF,0xFF,0xFF,0xFF,0xFF,0xFF,0xFF,0xFF,0x0C,0x00,
  0x14,0xFF,0xFF,0xFF,0xFF,0xFF,0xFF,0xFF,0xFF,0xFF,0xFF,0xFF,0xFF,0xAC,0x00,0x00,
  0x14,0xFF,0xFF,0xFF,0xFF,0xFF,0xFF,0xFF,0xFF,0xFF,0xFF,0xFF,0xFF,0xAC,0x00,0x00,
  0x14,0xFF,0xFF,0xFF,0xFF,0xFF,0xFF,0xFF,0xFF,0xFF,0xFF,0xFF,0xFF,0xAC,0x00,0x00,
  0x14,0xFF,0xFF,0xFF,0xFF,0xFF,0xFF,0xFF,0xFF,0xFF,0xFF,0xFF,0xFF,0xAC,0x00,0x00,
  0x14,0xFF,0xFF,0xFF,0xAC,0x00,0x00,0x00,0x00,0x00,0x00,0x00,0x00,0x00,0x00,0x00,
  0x14,0xFF,0xFF,0xFF,0xAC,0x00,0x00,0x00,0x00,0x00,0x00,0x00,0x00,0x00,0x00,0x00,
  0x14,0xFF,0xFF,0xFF,0xAC,0x00,0x00,0x00,0x00,0x00,0x00,0x00,0x00,0x00,0x00,0x00,
  0x14,0xFF,0xFF,0xFF,0xFF,0xFF,0xFF,0xFF,0xFF,0xFF,0xFF,0xFF,0x70,0x00,0x00,0x00,
  0x14,0xFF,0xFF,0xFF,0xFF,0xFF,0xFF,0xFF,0xFF,0xFF,0xFF,0xFF,0x70,0x00,0x00,0x00,
  0x14,0xFF,0xFF,0xFF,0xFF,0xFF,0xFF,0xFF,0xFF,0xFF,0xFF,0xFF,0x70,0x00,0x00,0x00,
  0x14,0xFF,0xFF,0xFF,0xFF,0xFF,0xFF,0xFF,0xFF,0xFF,0xFF,0xFF,0x70,0x00,0x00,0x00,
  0x14,0xFF,0xFF,0xFF,0xAC,0x00,0x00,0x00,0x00,0x00,0x00,0x00,0x00,0x00,0x00,0x00,
  0x14,0xFF,0xFF,0xFF,0xAC,0x00,0x00,0x00,0x00,0x00,0x00,0x00,0x00,0x00,0x00,0x00,
  0x14,0xFF,0xFF,0xFF,0xAC,0x00,0x00,0x00,0x00,0x00,0x00,0x00,0x00,0x00,0x00,0x00,
  0x14,0xFF,0xFF,0xFF,0xAC,0x00,0x00,0x00,0x00,0x00,0x00,0x00,0x00,0x00,0x00,0x00,
  0x14,0xFF,0xFF,0xFF,0xAC,0x00,0x00,0x00,0x00,0x00,0x00,0x00,0x00,0x00,0x00,0x00,
  0x14,0xFF,0xFF,0xFF,0xAC,0x00,0x00,0x00,0x00,0x00,0x00,0x00,0x00,0x00,0x00,0x00,
  0x14,0xFF,0xFF,0xFF,0xAC,0x00,0x00,0x00,0x00,0x00,0x00,0x00,0x00,0x00,0x00,0x00,
  0x14,0xFF,0xFF,0xFF,0xAC,0x00,0x00,0x00,0x00,0x00,0x00,0x00,0x00,0x00,0x00,0x00,
  0x00,0x00,0x00,0x00,0x00,0x3D,0x95,0xCF,0xE8,0xFA,0xEF,0xD1,0x98,0x3A,0x00,0x00,
  0x00,0x00,0x00,0x00,0x00,0x00,0x00,0x23,0xC1,0xFF,0xFF,0xFF,0xFF,0xFF,0xFF,0xFF,
  0xFF,0xFF,0xA8,0x0B,0x00,0x00,0x00,0x00,0x00,0x00,0x32,0xED,0xFF,0xFF,0xFF,0xFF,
  0xFF,0xFF,0xFF,0xFF,0xFF,0xFF,0xFF,0xBF,0x04,0x00,0x00,0x00,0x00,0x13,0xE6,0xFF,
  0xFF,0xFF,0xFF,0xFF,0xFF,0xFF,0xFF,0xFF,0xFF,0xFF,0xFF,0xFF,0x78,0x00,0x00,0x00,
  0x00,0x98,0xFF,0xFF,0xFF,0xFF,0xB4,0x4A,0x15,0x07,0x24,0x78,0xF0,0xFF,0xFF,0xFF,
  0xEB,0x07,0x00,0x00,0x13,0xF8,0xFF,0xFF,0xFF,0x75,0x00,0x00,0x00,0x00,0x00,0x00,
  0x34,0xF4,0xFF,0xFF,0xFF,0x44,0x00,0x00,0x5F,0xFF,0xFF,0xFF,0xB9,0x00,0x00,0x00,
  0x00,0x00,0x00,0x00,0x00,0x8A,0xC7,0x83,0x3E,0x05,0x00,0x00,0x95,0xFF,0xFF,0xFF,
  0x57,0x00,0x00,0x00,0x00,0x00,0x00,0x00,0x00,0x00,0x00,0x00,0x00,0x00,0x00,0x00,
  0xB3,0xFF,0xFF,0xFF,0x2A,0x00,0x00,0x00,0x00,0x00,0x00,0x00,0x00,0x00,0x00,0x00,
  0x00,0x00,0x00,0x00,0xBC,0xFF,0xFF,0xFF,0x20,0x00,0x00,0x00,0x00,0x74,0xFF,0xFF,
  0xFF,0xFF,0xFF,0xFF,0xFF,0xA8,0x00,0x00,0xB1,0xFF,0xFF,0xFF,0x32,0x00,0x00,0x00,
  0x00,0x74,0xFF,0xFF,0xFF,0xFF,0xFF,0xFF,0xFF,0xA8,0x00,0x00,0x8E,0xFF,0xFF,0xFF,
  0x68,0x00,0x00,0x00,0x00,0x74,0xFF,0xFF,0xFF,0xFF,0xFF,0xFF,0xFF,0xA8,0x00,0x00,
  0x55,0xFF,0xFF,0xFF,0xCD,0x01,0x00,0x00,0x00,0x00,0x00,0x00,0x00,0x24,0xFF,0xFF,
  0xFF,0xA8,0x00,0x00,0x0D,0xF3,0xFF,0xFF,0xFF,0x8C,0x01,0x00,0x00,0x00,0x00,0x00,
  0x00,0x2E,0xFF,0xFF,0xFF,0xA8,0x00,0x00,0x00,0x8C,0xFF,0xFF,0xFF,0xFF,0xC0,0x4E,
  0x14,0x04,0x15,0x46,0x96,0xF3,0xFF,0xFF,0xFF,0xA8,0x00,0x00,0x00,0x0F,0xE0,0xFF,
  0xFF,0xFF,0xFF,0xFF,0xFF,0xFF,0xFF,0xFF,0xFF,0xFF,0xFF,0xFF,0xFF,0x7C,0x00,0x00,
  0x00,0x00,0x2C,0xE8,0xFF,0xFF,0xFF,0xFF,0xFF,0xFF,0xFF,0xFF,0xFF,0xFF,0xFF,0xFD,
  0x80,0x01,0x00,0x00,0x00,0x00,0x00,0x1D,0xB6,0xFF,0xFF,0xFF,0xFF,0xFF,0xFF,0xFF,
  0xFF,0xFF,0xC6,0x38,0x00,0x00,0x00,0x00,0x00,0x00,0x00,0x00,0x00,0x35,0x8E,0xCB,
  0xEE,0xFC,0xF4,0xD1,0x94,0x3B,0x00,0x00,0x00,0x00,0x00,0x00,0x18,0xFF,0xFF,0xFF,
  0xA8,0x00,0x00,0x00,0x00,0x00,0x00,0x00,0xF8,0xFF,0xFF,0xC8,0x00,0x00,0x00,0x18,
  0xFF,0xFF,0xFF,0xA8,0x00,0x00,0x00,0x00,0x00,0x00,0x00,0xF8,0xFF,0xFF,0xC8,0x00,
  0x00,0x00,0x18,0xFF,0xFF,0xFF,0xA8,0x00,0x00,0x00,0x00,0x00,0x00,0x00,0xF8,0xFF,
  0xFF,0xC8,0x00,0x00,0x00,0x18,0xFF,0xFF,0xFF,0xA8,0x00,0x00,0x00,0x00,0x00,0x00,
  0x00,0xF8,0xFF,0xFF,0xC8,0x00,0x00,0x00,0x18,0xFF,0xFF,0xFF,0xA8,0x00,0x00,0x00,
  0x00,0x00,0x00,0x00,0xF8,0xFF,0xFF,0xC8,0x00,0x00,0x00,0x18,0xFF,0xFF,0xFF,0xA8,
  0x00,0x00,0x00,0x00,0x00,0x00,0x00,0xF8,0xFF,0xFF,0xC8,0x00,0x00,0x00,0x18,0xFF,
  0xFF,0xFF,0xA8,0x00,0x00,0x00,0x00,0x00,0x00,0x00,0xF8,0xFF,0xFF,0xC8,0x00,0x00,
  0x00,0x18,0xFF,0xFF,0xFF,0xFF,0xFF,0xFF,0xFF,0xFF,0xFF,0xFF,0xFF,0xFF,0xFF,0xFF,
  0xC8,0x00,0x00,0x00,0x18,0xFF,0xFF,0xFF,0xFF,0xFF,0xFF,0xFF,0xFF,0xFF,0xFF,0xFF,
  0xFF,0xFF,0xFF,0xC8,0x00,0x00,0x00,0x18,0xFF,0xFF,0xFF,0xFF,0xFF,0xFF,0xFF,0xFF,
  0xFF,0xFF,0xFF,0xFF,0xFF,0xFF,0xC8,0x00,0x00,0x00,0x18,0xFF,0xFF,0xFF,0xFF,0xFF,
  0xFF,0xFF,0xFF,0xFF,0xFF,0xFF,0xFF,0xFF,0xFF,0xC8,0x00,0x00,0x00,0x18,0xFF,0xFF,
  0xFF,0xA8,0x00,0x00,0x00,0x00,0x00,0x00,0x00,0xF8,0xFF,0xFF,0xC8,0x00,0x00,0x00,
  0x18,0xFF,0xFF,0xFF,0xA8,0x00,0x00,0x00,0x00,0x00,0x00,0x00,0xF8,0xFF,0xFF,0xC8,
  0x00,0x00,0x00,0x18,0xFF,0xFF,0xFF,0xA8,0x00,0x00,0x00,0x00,0x00,0x00,0x00,0xF8,
  0xFF,0xFF,0xC8,0x00,0x00,0x00,0x18,0xFF,0xFF,0xFF,0xA8,0x00,0x00,0x00,0x00,0x00,
  0x00,0x00,0xF8,0xFF,0xFF,0xC8,0x00,0x00,0x00,0x18,0xFF,0xFF,0xFF,0xA8,0x00,0x00,
  0x00,0x00,0x00,0x00,0x00,0xF8,0xFF,0xFF,0xC8,0x00,0x00,0x00,0x18,0xFF,0xFF,0xFF,
  0xA8,0x00,0x00,0x00,0x00,0x00,0x00,0x00,0xF8,0xFF,0xFF,0xC8,0x00,0x00,0x00,0x18,
  0xFF,0xFF,0xFF,0xA8,0x00,0x00,0x00,0x00,0x00,0x00,0x00,0xF8,0xFF,0xFF,0xC8,0x00,
  0x00,0x00,0x18,0xFF,0xFF,0xFF,0xA8,0x00,0x00,0x00,0x00,0x00,0x00,0x00,0xF8,0xFF,
  0xFF,0xC8,0x00,0x00,0x00,0x38,0xFF,0xFF,0xFF,0x88,0x00,0x00,0x38,0xFF,0xFF,0xFF,
  0x88,0x00,0x00,0x38,0xFF,0xFF,0xFF,0x88,0x00,0x00,0x38,0xFF,0xFF,0xFF,0x88,0x00,
  0x00,0x38,0xFF,0xFF,0xFF,0x88,0x00,0x00,0x38,0xFF,0xFF,0xFF,0x88,0x00,0x00,0x38,
  0xFF,0xFF,0xFF,0x88,0x00,0x00,0x38,0xFF,0xFF,0xFF,0x88,0x00,0x00,0x38,0xFF,0xFF,
  0xFF,0x88,0x00,0x00,0x38,0xFF,0xFF,0xFF,0x88,0x00,0x00,0x38,0xFF,0xFF,0xFF,0x88,
  0x00,0x00,0x38,0xFF,0xFF,0xFF,0x88,0x00,0x00,0x38,0xFF,0xFF,0xFF,0x88,0x00,0x00,
  0x38,0xFF,0xFF,0xFF,0x88,0x00,0x00,0x38,0xFF,0xFF,0xFF,0x88,0x00,0x00,0x38,0xFF,
  0xFF,0xFF,0x88,0x00,0x00,0x38,0xFF,0xFF,0xFF,0x88,0x00,0x00,0x38,0xFF,0xFF,0xFF,
  0x88,0x00,0x00,0x38,0xFF,0xFF,0xFF,0x88,0x00,0x00,0x00,0x00,0x00,0x00,0x00,0x00,
  0x00,0x64,0xFF,0xFF,0xFF,0x5C,0x00,0x00,0x00,0x00,0x00,0x00,0x00,0x00,0x00,0x64,
  0xFF,0xFF,0xFF,0x5C,0x00,0x00,0x00,0x00,0x00,0x00,0x00,0x00,0x00,0x64,0xFF,0xFF,
  0xFF,0x5C,0x00,0x00,0x00,0x00,0x00,0x00,0x00,0x00,0x00,0x64,0xFF,0xFF,0xFF,0x5C,
  0x00,0x00,0x00,0x00,0x00,0x00,0x00,0x00,0x00,0x64,0xFF,0xFF,0xFF,0x5C,0x00,0x00,
  0x00,0x00,0x00,0x00,0x00,0x00,0x00,0x64,0xFF,0xFF,0xFF,0x5C,0x00,0x00,0x00,0x00,
  0x00,0x00,0x00,0x00,0x00,0x64,0xFF,0xFF,0xFF,0x5C,0x00,0x00,0x00,0x00,0x00,0x00,
  0x00,0x00,0x00,0x64,0xFF,0xFF,0xFF,0x5C,0x00,0x00,0x00,0x00,0x00,0x00,0x00,0x00,
  0x00,0x64,0xFF,0xFF,0xFF,0x5C,0x00,0x00,0x00,0x00,0x00,0x00,0x00,0x00,0x00,0x64,
  0xFF,0xFF,0xFF,0x5C,0x00,0x00,0x00,0x00,0x00,0x00,0x00,0x00,0x00,0x64,0xFF,0xFF,
  0xFF,0x5C,0x00,0x00,0x00,0x00,0x00,0x00,0x00,0x00,0x00,0x65,0xFF,0xFF,0xFF,0x5B,
  0x00,0x89,0xFF,0xFF,0xFF,0x0B,0x00,0x00,0x00,0x70,0xFF,0xFF,0xFF,0x57,0x00,0x76,
  0xFF,0xFF,0xFF,0x3C,0x00,0x00,0x00,0x98,0xFF,0xFF,0xFF,0x49,0x00,0x4A,0xFF,0xFF,
  0xFF,0xD2,0x2F,0x0C,0x4D,0xF2,0xFF,0xFF,0xFF,0x27,0x00,0x0B,0xF3,0xFF,0xFF,0xFF,
  0xFF,0xFF,0xFF,0xFF,0xFF,0xFF,0xDE,0x01,0x00,0x00,0x87,0xFF,0xFF,0xFF,0xFF,0xFF,
  0xFF,0xFF,0xFF,0xFF,0x5E,0x00,0x00,0x00,0x08,0xBA,0xFF,0xFF,0xFF,0xFF,0xFF,0xFF,
  0xFF,0x84,0x00,0x00,0x00,0x00,0x00,0x04,0x68,0xC7,0xF1,0xF5,0xD9,0xA7,0x39,0x00,
  0x00,0x00,0x00,0x00,0x10,0xFF,0xFF,0xFF,0xB4,0x00,0x00,0x00,0x00,0x00,0x00,0x39,
  0xF4,0xFF,0xFF,0xFF,0xCF,0x0F,0x00,0x10,0xFF,0xFF,0xFF,0xB4,0x00,0x00,0x00,0x00,
  0x00,0x31,0xEF,0xFF,0xFF,0xFF,0xD8,0x15,0x00,0x00,0x10,0xFF,0xFF,0xFF,0xB4,0x00,
  0x00,0x00,0x00,0x29,0xEA,0xFF,0xFF,0xFF,0xE0,0x1C,0x00,0x00,0x00,0x10,0xFF,0xFF,
  0xFF,0xB4,0x00,0x00,0x00,0x22,0xE5,0xFF,0xFF,0xFF,0xE7,0x23,0x00,0x00,0x00,0x00,
  0x10,0xFF,0xFF,0xFF,0xB4,0x00,0x00,0x1C,0xDF,0xFF,0xFF,0xFF,0xED,0x2C,0x00,0x00,
  0x00,0x00,0x00,0x10,0xFF,0xFF,0xFF,0xB4,0x00,0x16,0xD8,0xFF,0xFF,0xFF,0xF2,0x35,
  0x00,0x00,0x00,0x00,0x00,0x00,0x10,0xFF,0xFF,0xFF,0xB4,0x11,0xD1,0xFF,0xFF,0xFF,
  0xF6,0x3F,0x00,0x00,0x00,0x00,0x00,0x00,0x00,0x10,0xFF,0xFF,0xFF,0xC0,0xC8,0xFF,
  0xFF,0xFF,0xFF,0x88,0x00,0x00,0x00,0x00,0x00,0x00,0x00,0x00,0x10,0xFF,0xFF,0xFF,
  0xFF,0xFF,0xFF,0xFF,0xFF,0xFF,0xEF,0x18,0x00,0x00,0x00,0x00,0x00,0x00,0x00,0x10,
  0xFF,0xFF,0xFF,0xFF,0xFF,0xFF,0xFF,0xFF,0xFF,0xFF,0xAA,0x00,0x00,0x00,0x00,0x00,
  0x00,0x00,0x10,0xFF,0xFF,0xFF,0xFF,0xFF,0xFF,0x99,0xF9,0xFF,0xFF,0xFF,0x4D,0x00,
  0x00,0x00,0x00,0x00,0x00,0x10,0xFF,0xFF,0xFF,0xFF,0xFF,0x83,0x00,0x88,0xFF,0xFF,
  0xFF,0xE3,0x0D,0x00,0x00,0x00,0x00,0x00,0x10,0xFF,0xFF,0xFF,0xFF,0x83,0x00,0x00,
  0x0C,0xE5,0xFF,0xFF,0xFF,0x93,0x00,0x00,0x00,0x00,0x00,0x10,0xFF,0xFF,0xFF,0xC0,
  0x00,0x00,0x00,0x00,0x5C,0xFF,0xFF,0xFF,0xFD,0x38,0x00,0x00,0x00,0x00,0x10,0xFF,
  0xFF,0xFF,0xB4,0x00,0x00,0x00,0x00,0x00,0xC5,0xFF,0xFF,0xFF,0xD3,0x05,0x00,0x00,
  0x00,0x10,0xFF,0xFF,0xFF,0xB4,0x00,0x00,0x00,0x00,0x00,0x33,0xFD,0xFF,0xFF,0xFF,
  0x7C,0x00,0x00,0x00,0x10,0xFF,0xFF,0xFF,0xB4,0x00,0x00,0x00,0x00,0x00,0x00,0x9B,
  0xFF,0xFF,0xFF,0xF8,0x27,0x00,0x00,0x10,0xFF,0xFF,0xFF,0xB4,0x00,0x00,0x00,0x00,
  0x00,0x00,0x15,0xEF,0xFF,0xFF,0xFF,0xC1,0x01,0x00,0x10,0xFF,0xFF,0xFF,0xB4,0x00,
  0x00,0x00,0x00,0x00,0x00,0x00,0x6F,0xFF,0xFF,0xFF,0xFF,0x66,0x00,0x00,0xFF,0xFF,
  0xFF,0xC0,0x00,0x00,0x00,0x00,0x00,0x00,0x00,0x00,0x00,0x00,0x00,0x00,0xFF,0xFF,
  0xFF,0xC0,0x00,0x00,0x00,0x00,0x00,0x00,0x00,0x00,0x00,0x00,0x00,0x00,0xFF,0xFF,
  0xFF,0xC0,0x00,0x00,0x00,0x00,0x00,0x00,0x00,0x00,0x00,0x00,0x00,0x00,0xFF,0xFF,
  0xFF,0xC0,0x00,0x00,0x00,0x00,0x00,0x00,0x00,0x00,0x00,0x00,0x00,0x00,0xFF,0xFF,
  0xFF,0xC0,0x00,0x00,0x00,0x00,0x00,0x00,0x00,0x00,0x00,0x00,0x00,0x00,0xFF,0xFF,
  0xFF,0xC0,0x00,0x00,0x00,0x00,0x00,0x00,0x00,0x00,0x00,0x00,0x00,0x00,0xFF,0xFF,
  0xFF,0xC0,0x00,0x00,0x00,0x00,0x00,0x00,0x00,0x00,0x00,0x00,0x00,0x00,0xFF,0xFF,
  0xFF,0xC0,0x00,0x00,0x00,0x00,0x00,0x00,0x00,0x00,0x00,0x00,0x00,0x00,0xFF,0xFF,
  0xFF,0xC0,0x00,0x00,0x00,0x00,0x00,0x00,0x00,0x00,0x00,0x00,0x00,0x00,0xFF,0xFF,
  0xFF,0xC0,0x00,0x00,0x00,0x00,0x00,0x00,0x00,0x00,0x00,0x00,0x00,0x00,0xFF,0xFF,
  0xFF,0xC0,0x00,0x00,0x00,0x00,0x00,0x00,0x00,0x00,0x00,0x00,0x00,0x00,0xFF,0xFF,
  0xFF,0xC0,0x00,0x00,0x00,0x00,0x00,0x00,0x00,0x00,0x00,0x00,0x00,0x00,0xFF,0xFF,
  0xFF,0xC0,0x00,0x00,0x00,0x00,0x00,0x00,0x00,0x00,0x00,0x00,0x00,0x00,0xFF,0xFF,
  0xFF,0xC0,0x00,0x00,0x00,0x00,0x00,0x00,0x00,0x00,0x00,0x00,0x00,0x00,0xFF,0xFF,
  0xFF,0xC0,0x00,0x00,0x00,0x00,0x00,0x00,0x00,0x00,0x00,0x00,0x00,0x00,0xFF,0xFF,
  0xFF,0xFF,0xFF,0xFF,0xFF,0xFF,0xFF,0xFF,0xFF,0xFF,0xFF,0x18,0x00,0x00,0xFF,0xFF,
  0xFF,0xFF,0xFF,0xFF,0xFF,0xFF,0xFF,0xFF,0xFF,0xFF,0xFF,0x18,0x00,0x00,0xFF,0xFF,
  0xFF,0xFF,0xFF,0xFF,0xFF,0xFF,0xFF,0xFF,0xFF,0xFF,0xFF,0x18,0x00,0x00,0xFF,0xFF,
  0xFF,0xFF,0xFF,0xFF,0xFF,0xFF,0xFF,0xFF,0xFF,0xFF,0xFF,0x18,0x00,0x28,0xFF,0xFF,
  0xFF,0xFF,0xFF,0x98,0x00,0x00,0x00,0x00,0x00,0x02,0xEE,0xFF,0xFF,0xFF,0xFF,0xD0,
  0x00,0x00,0x00,0x28,0xFF,0xFF,0xFF,0xFF,0xFF,0xDB,0x00,0x00,0x00,0x00,0x00,0x34,
  0xFF,0xFF,0xFF,0xFF,0xFF,0xD0,0x00,0x00,0x00,0x28,0xFF,0xFF,0xFF,0xFF,0xFF,0xFF,
  0x1E,0x00,0x00,0x00,0x00,0x76,0xFF,0xFF,0xFF,0xFF,0xFF,0xD0,0x00,0x00,0x00,0x28,
  0xFF,0xFF,0xFF,0xFF,0xFF,0xFF,0x61,0x00,0x00,0x00,0x00,0xB8,0xFF,0xFF,0xFF,0xFF,
  0xFF,0xD0,0x00,0x00,0x00,0x28,0xFF,0xFF,0xFF,0xE3,0xFF,0xFF,0xA3,0x00,0x00,0x00,
  0x05,0xF4,0xFF,0xFF,0xE2,0xFF,0xFF,0xD0,0x00,0x00,0x00,0x28,0xFF,0xFF,0xFF,0xA4,
  0xFF,0xFF,0xE6,0x00,0x00,0x00,0x3C,0xFF,0xFF,0xF3,0xB0,0xFF,0xFF,0xD0,0x00,0x00,
  0x00,0x28,0xFF,0xFF,0xFF,0x66,0xFE,0xFF,0xFF,0x29,0x00,0x00,0x7E,0xFF,0xFF,0xB8,
  0xAC,0xFF,0xFF,0xD0,0x00,0x00,0x00,0x28,0xFF,0xFF,0xFF,0x54,0xD2,0xFF,0xFF,0x6B,
  0x00,0x00,0xC0,0xFF,0xFF,0x78,0xAC,0xFF,0xFF,0xD0,0x00,0x00,0x00,0x28,0xFF,0xFF,
  0xFF,0x54,0x93,0xFF,0xFF,0xAE,0x00,0x09,0xF8,0xFF,0xFF,0x39,0xAC,0xFF,0xFF,0xD0,
  0x00,0x00,0x00,0x28,0xFF,0xFF,0xFF,0x54,0x54,0xFF,0xFF,0xEE,0x02,0x44,0xFF,0xFF,
  0xF4,0x05,0xAC,0xFF,0xFF,0xD0,0x00,0x00,0x00,0x28,0xFF,0xFF,0xFF,0x54,0x15,0xFF,
  0xFF,0xFF,0x34,0x86,0xFF,0xFF,0xBA,0x00,0xAC,0xFF,0xFF,0xD0,0x00,0x00,0x00,0x28,
  0xFF,0xFF,0xFF,0x54,0x00,0xD6,0xFF,0xFF,0x76,0xC8,0xFF,0xFF,0x7B,0x00,0xAC,0xFF,
  0xFF,0xD0,0x00,0x00,0x00,0x28,0xFF,0xFF,0xFF,0x54,0x00,0x96,0xFF,0xFF,0xC7,0xFC,
  0xFF,0xFF,0x3B,0x00,0xAC,0xFF,0xFF,0xD0,0x00,0x00,0x00,0x28,0xFF,0xFF,0xFF,0x54,
  0x00,0x57,0xFF,0xFF,0xFF,0xFF,0xFF,0xF6,0x06,0x00,0xAC,0xFF,0xFF,0xD0,0x00,0x00,
  0x00,0x28,0xFF,0xFF,0xFF,0x54,0x00,0x18,0xFF,0xFF,0xFF,0xFF,0xFF,0xBC,0x00,0x00,
  0xAC,0xFF,0xFF,0xD0,0x00,0x00,0x00,0x28,0xFF,0xFF,0xFF,0x54,0x00,0x00,0xD9,0xFF,
  0xFF,0xFF,0xFF,0x7D,0x00,0x00,0xAC,0xFF,0xFF,0xD0,0x00,0x00,0x00,0x28,0xFF,0xFF,
  0xFF,0x54,0x00,0x00,0x9A,0xFF,0xFF,0xFF,0xFF,0x3E,0x00,0x00,0xAC,0xFF,0xFF,0xD0,
  0x00,0x00,0x00,0x28,0xFF,0xFF,0xFF,0x54,0x00,0x00,0x5B,0xFF,0xFF,0xFF,0xF7,0x07,
  0x00,0x00,0xAC,0xFF,0xFF,0xD0,0x00,0x00,0x00,0x28,0xFF,0xFF,0xFF,0x54,0x00,0x00,
  0x1C,0xFF,0xFF,0xFF,0xBF,0x00,0x00,0x00,0xAC,0xFF,0xFF,0xD0,0x00,0x00,0x00,0x10,
  0xFF,0xFF,0xFF,0xDE,0x0A,0x00,0x00,0x00,0x00,0x00,0x00,0xCC,0xFF,0xFF,0xB0,0x00,
  0x00,0x00,0x10,0xFF,0xFF,0xFF,0xFF,0x8A,0x00,0x00,0x00,0x00,0x00,0x00,0xCC,0xFF,
  0xFF,0xB0,0x00,0x00,0x00,0x10,0xFF,0xFF,0xFF,0xFF,0xFB,0x30,0x00,0x00,0x00,0x00,
  0x00,0xCC,0xFF,0xFF,0xB0,0x00,0x00,0x00,0x10,0xFF,0xFF,0xFF,0xFF,0xFF,0xCA,0x02,
  0x00,0x00,0x00,0x00,0xCC,0xFF,0xFF,0xB0,0x00,0x00,0x00,0x10,0xFF,0xFF,0xFF,0xFF,
  0xFF,0xFF,0x6F,0x00,0x00,0x00,0x00,0xCC,0xFF,0xFF,0xB0,0x00,0x00,0x00,0x10,0xFF,
  0xFF,0xFF,0xFF,0xFF,0xFF,0xF3,0x1D,0x00,0x00,0x00,0xCC,0xFF,0xFF,0xB0,0x00,0x00,
  0x00,0x10,0xFF,0xFF,0xFF,0xFF,0xFF,0xFF,0xFF,0xB2,0x00,0x00,0x00,0xCC,0xFF,0xFF,
  0xB0,0x00,0x00,0x00,0x10,0xFF,0xFF,0xFF,0xC4,0xFF,0xFF,0xFF,0xFF,0x54,0x00,0x00,
  0xCC,0xFF,0xFF,0xB0,0x00,0x00,0x00,0x10,0xFF,0xFF,0xFF,0x6C,0xB7,0xFF,0xFF,0xFF,
  0xE6,0x0F,0x00,0xCC,0xFF,0xFF,0xB0,0x00,0x00,0x00,0x10,0xFF,0xFF,0xFF,0x6C,0x20,
  0xF5,0xFF,0xFF,0xFF,0x98,0x00,0xCC,0xFF,0xFF,0xB0,0x00,0x00,0x00,0x10,0xFF,0xFF,
  0xFF,0x6C,0x00,0x75,0xFF,0xFF,0xFF,0xFE,0x3B,0xCC,0xFF,0xFF,0xB0,0x00,0x00,0x00,
  0x10,0xFF,0xFF,0xFF,0x6C,0x00,0x03,0xCE,0xFF,0xFF,0xFF,0xD5,0xD2,0xFF,0xFF,0xB0,
  0x00,0x00,0x00,0x10,0xFF,0xFF,0xFF,0x6C,0x00,0x00,0x34,0xFC,0xFF,0xFF,0xFF,0xFF,
  0xFF,0xFF,0xB0,0x00,0x00,0x00,0x10,0xFF,0xFF,0xFF,0x6C,0x00,0x00,0x00,0x8F,0xFF,
  0xFF,0xFF,0xFF,0xFF,0xFF,0xB0,0x00,0x00,0x00,0x10,0xFF,0xFF,0xFF,0x6C,0x00,0x00,
  0x00,0x0B,0xE1,0xFF,0xFF,0xFF,0xFF,0xFF,0xB0,0x00,0x00,0x00,0x10,0xFF,0xFF,0xFF,
  0x6C,0x00,0x00,0x00,0x00,0x4B,0xFF,0xFF,0xFF,0xFF,0xFF,0xB0,0x00,0x00,0x00,0x10,
  0xFF,0xFF,0xFF,0x6C,0x00,0x00,0x00,0x00,0x00,0xA9,0xFF,0xFF,0xFF,0xFF,0xB0,0x00,
  0x00,0x00,0x10,0xFF,0xFF,0xFF,0x6C,0x00,0x00,0x00,0x00,0x00,0x17,0xEF,0xFF,0xFF,
  0xFF,0xB0,0x00,0x00,0x00,0x10,0xFF,0xFF,0xFF,0x6C,0x00,0x00,0x00,0x00,0x00,0x00,
  0x65,0xFF,0xFF,0xFF,0xB0,0x00,0x00,0x00,0x00,0x00,0x00,0x00,0x09,0x60,0xAB,0xDC,
  0xF2,0xF7,0xE2,0xBA,0x75,0x14,0x00,0x00,0x00,0x00,0x00,0x00,0x00,0x00,0x00,0x4A,
  0xE5,0xFF,0xFF,0xFF,0xFF,0xFF,0xFF,0xFF,0xFF,0xF3,0x75,0x00,0x00,0x00,0x00,0x00,
  0x00,0x00,0x5F,0xFD,0xFF,0xFF,0xFF,0xFF,0xFF,0xFF,0xFF,0xFF,0xFF,0xFF,0xFF,0xA4,
  0x01,0x00,0x00,0x00,0x00,0x37,0xF9,0xFF,0xFF,0xFF,0xFF,0xFF,0xFF,0xFF,0xFF,0xFF,
  0xFF,0xFF,0xFF,0xFF,0x7B,0x00,0x00,0x00,0x01,0xCB,0xFF,0xFF,0xFF,0xFE,0xA0,0x3B,
  0x0D,0x07,0x27,0x77,0xEE,0xFF,0xFF,0xFF,0xF9,0x1B,0x00,0x00,0x36,0xFF,0xFF,0xFF,
  0xFE,0x5B,0x00,0x00,0x00,0x00,0x00,0x00,0x21,0xE5,0xFF,0xFF,0xFF,0x87,0x00,0x00,
  0x82,0xFF,0xFF,0xFF,0xA1,0x00,0x00,0x00,0x00,0x00,0x00,0x00,0x00,0x51,0xFF,0xFF,
  0xFF,0xCE,0x00,0x00,0xB4,0xFF,0xFF,0xFF,0x41,0x00,0x00,0x00,0x00,0x00,0x00,0x00,
  0x00,0x02,0xF1,0xFF,0xFF,0xFD,0x08,0x00,0xC9,0xFF,0xFF,0xFF,0x11,0x00,0x00,0x00,
  0x00,0x00,0x00,0x00,0x00,0x00,0xC6,0xFF,0xFF,0xFF,0x1C,0x00,0xDA,0xFF,0xFF,0xFF,
  0x04,0x00,0x00,0x00,0x00,0x00,0x00,0x00,0x00,0x00,0xB8,0xFF,0xFF,0xFF,0x2A,0x00,
  0xCF,0xFF,0xFF,0xFF,0x13,0x00,0x00,0x00,0x00,0x00,0x00,0x00,0x00,0x00,0xC8,0xFF,
  0xFF,0xFF,0x1D,0x00,0xBA,0xFF,0xFF,0xFF,0x45,0x00,0x00,0x00,0x00,0x00,0x00,0x00,
  0x00,0x05,0xF4,0xFF,0xFF,0xFE,0x09,0x00,0x85,0xFF,0xFF,0xFF,0xAA,0x00,0x00,0x00,
  0x00,0x00,0x00,0x00,0x00,0x5D,0xFF,0xFF,0xFF,0xD0,0x00,0x00,0x3E,0xFF,0xFF,0xFF,
  0xFF,0x66,0x00,0x00,0x00,0x00,0x00,0x00,0x29,0xEC,0xFF,0xFF,0xFF,0x8A,0x00,0x00,
  0x00,0xCC,0xFF,0xFF,0xFF,0xFF,0xA8,0x3E,0x0D,0x06,0x28,0x7D,0xF2,0xFF,0xFF,0xFF,
  0xFA,0x1D,0x00,0x00,0x00,0x3A,0xFA,0xFF,0xFF,0xFF,0xFF,0xFF,0xFF,0xFF,0xFF,0xFF,
  0xFF,0xFF,0xFF,0xFF,0x7F,0x00,0x00,0x00,0x00,0x00,0x62,0xFC,0xFF,0xFF,0xFF,0xFF,
  0xFF,0xFF,0xFF,0xFF,0xFF,0xFF,0xFF,0xA8,0x02,0x00,0x00,0x00,0x00,0x00,0x00,0x45,
  0xDF,0xFF,0xFF,0xFF,0xFF,0xFF,0xFF,0xFF,0xFF,0xF5,0x7B,0x01,0x00,0x00,0x00,0x00,
  0x00,0x00,0x00,0x00,0x05,0x5C,0xA8,0xDC,0xF2,0xF9,0xE5,0xBE,0x78,0x17,0x00,0x00,
  0x00,0x00,0x00,0x00,0x1C,0xFF,0xFF,0xFF,0xFF,0xFF,0xFF,0xFD,0xF9,0xEF,0xD9,0xA6,
  0x3B,0x00,0x00,0x00,0x00,0x1C,0xFF,0xFF,0xFF,0xFF,0xFF,0xFF,0xFF,0xFF,0xFF,0xFF,
  0xFF,0xFE,0x74,0x00,0x00,0x00,0x1C,0xFF,0xFF,0xFF,0xFF,0xFF,0xFF,0xFF,0xFF,0xFF,
  0xFF,0xFF,0xFF,0xFF,0x46,0x00,0x00,0x1C,0xFF,0xFF,0xFF,0xFF,0xFF,0xFF,0xFF,0xFF,
  0xFF,0xFF,0xFF,0xFF,0xFF,0xC0,0x00,0x00,0x1C,0xFF,0xFF,0xFF,0xA8,0x00,0x00,0x03,
  0x0B,0x2E,0xA2,0xFF,0xFF,0xFF,0xFB,0x08,0x00,0x1C,0xFF,0xFF,0xFF,0xA8,0x00,0x00,
  0x00,0x00,0x00,0x01,0xD6,0xFF,0xFF,0xFF,0x20,0x00,0x1C,0xFF,0xFF,0xFF,0xA8,0x00,
  0x00,0x00,0x00,0x00,0x01,0xD8,0xFF,0xFF,0xFF,0x19,0x00,0x1C,0xFF,0xFF,0xFF,0xA8,
  0x00,0x00,0x02,0x0E,0x31,0xA4,0xFF,0xFF,0xFF,0xF7,0x03,0x00,0x1C,0xFF,0xFF,0xFF,
  0xFF,0xFF,0xFF,0xFF,0xFF,0xFF,0xFF,0xFF,0xFF,0xFF,0xAC,0x00,0x00,0x1C,0xFF,0xFF,
  0xFF,0xFF,0xFF,0xFF,0xFF,0xFF,0xFF,0xFF,0xFF,0xFF,0xF9,0x2C,0x00,0x00,0x1C,0xFF,
  0xFF,0xFF,0xFF,0xFF,0xFF,0xFF,0xFF,0xFF,0xFF,0xFF,0xF5,0x50,0x00,0x00,0x00,0x1C,
  0xFF,0xFF,0xFF,0xFF,0xFF,0xFF,0xFF,0xF9,0xEA,0xCD,0x8C,0x1E,0x00,0x00,0x00,0x00,
  0x1C,0xFF,0xFF,0xFF,0xA8,0x00,0x00,0x00,0x00,0x00,0x00,0x00,0x00,0x00,0x00,0x00,
  0x00,0x1C,0xFF,0xFF,0xFF,0xA8,0x00,0x00,0x00,0x00,0x00,0x00,0x00,0x00,0x00,0x00,
  0x00,0x00,0x1C,0xFF,0xFF,0xFF,0xA8,0x00,0x00,0x00,0x00,0x00,0x00,0x00,0x00,0x00,
  0x00,0x00,0x00,0x1C,0xFF,0xFF,0xFF,0xA8,0x00,0x00,0x00,0x00,0x00,0x00,0x00,0x00,
  0x00,0x00,0x00,0x00,0x1C,0xFF,0xFF,0xFF,0xA8,0x00,0x00,0x00,0x00,0x00,0x00,0x00,
  0x00,0x00,0x00,0x00,0x00,0x1C,0xFF,0xFF,0xFF,0xA8,0x00,0x00,0x00,0x00,0x00,0x00,
  0x00,0x00,0x00,0x00,0x00,0x00,0x1C,0xFF,0xFF,0xFF,0xA8,0x00,0x00,0x00,0x00,0x00,
  0x00,0x00,0x00,0x00,0x00,0x00,0x00,0x00,0x00,0x00,0x00,0x06,0x5E,0xA8,0xDC,0xF2,
  0xF8,0xE4,0xBE,0x79,0x18,0x00,0x00,0x00,0x00,0x00,0x00,0x00,0x00,0x00,0x48,0xE0,
  0xFF,0xFF,0xFF,0xFF,0xFF,0xFF,0xFF,0xFF,0xF6,0x7E,0x01,0x00,0x00,0x00,0x00,0x00,
  0x00,0x65,0xFC,0xFF,0xFF,0xFF,0xFF,0xFF,0xFF,0xFF,0xFF,0xFF,0xFF,0xFF,0xAB,0x02,
  0x00,0x00,0x00,0x00,0x3A,0xFB,0xFF,0xFF,0xFF,0xFF,0xFF,0xFF,0xFF,0xFF,0xFF,0xFF,
  0xFF,0xFF,0xFF,0x80,0x00,0x00,0x00,0x00,0xCC,0xFF,0xFF,0xFF,0xFE,0x9F,0x3B,0x0D,
  0x07,0x28,0x79,0xEF,0xFF,0xFF,0xFF,0xFA,0x1B,0x00,0x00,0x3D,0xFF,0xFF,0xFF,0xFE,
  0x58,0x00,0x00,0x00,0x00,0x00,0x00,0x23,0xE7,0xFF,0xFF,0xFF,0x86,0x00,0x00,0x83,
  0xFF,0xFF,0xFF,0x9F,0x00,0x00,0x00,0x00,0x00,0x00,0x00,0x00,0x55,0xFF,0xFF,0xFF,
  0xCC,0x00,0x00,0xB8,0xFF,0xFF,0xFF,0x40,0x00,0x00,0x00,0x00,0x00,0x00,0x00,0x00,
  0x03,0xF1,0xFF,0xFF,0xFC,0x06,0x00,0xCE,0xFF,0xFF,0xFF,0x11,0x00,0x00,0x00,0x00,
  0x00,0x00,0x00,0x00,0x00,0xC6,0xFF,0xFF,0xFF,0x18,0x00,0xDB,0xFF,0xFF,0xFF,0x04,
  0x00,0x00,0x00,0x00,0x00,0x00,0x00,0x00,0x00,0xB8,0xFF,0xFF,0xFF,0x26,0x00,0xCF,
  0xFF,0xFF,0xFF,0x12,0x00,0x00,0x00,0x00,0x00,0x00,0x00,0x00,0x00,0xC8,0xFF,0xFF,
  0xFF,0x19,0x00,0xB9,0xFF,0xFF,0xFF,0x43,0x00,0x00,0x00,0x00,0x00,0x00,0x00,0x00,
  0x06,0xF5,0xFF,0xFF,0xFE,0x06,0x00,0x84,0xFF,0xFF,0xFF,0xA3,0x00,0x00,0x00,0x0B,
  0xD2,0x90,0x25,0x00,0x62,0xFF,0xFF,0xFF,0xD2,0x00,0x00,0x3F,0xFF,0xFF,0xFF,0xFE,
  0x5B,0x00,0x00,0x7C,0xFF,0xFF,0xFB,0x9C,0xEF,0xFF,0xFF,0xFF,0x8E,0x00,0x00,0x00,
  0xCF,0xFF,0xFF,0xFF,0xFE,0x9E,0x38,0x23,0x7C,0xEB,0xFF,0xFF,0xFF,0xFF,0xFF,0xFC,
  0x25,0x00,0x00,0x00,0x3F,0xFC,0xFF,0xFF,0xFF,0xFF,0xFF,0xFF,0xFF,0xFF,0xFF,0xFF,
  0xFF,0xFF,0xFF,0x8D,0x00,0x00,0x00,0x00,0x00,0x6B,0xFE,0xFF,0xFF,0xFF,0xFF,0xFF,
  0xFF,0xFF,0xFF,0xFF,0xFF,0xFF,0xFC,0x37,0x00,0x00,0x00,0x00,0x00,0x00,0x4D,0xE3,
  0xFF,0xFF,0xFF,0xFF,0xFF,0xFF,0xFF,0xFF,0xFF,0xFF,0xFF,0xFC,0x9B,0x2A,0x00,0x00,
  0x00,0x00,0x00,0x06,0x5E,0xA7,0xDC,0xF1,0xF9,0xE3,0xC0,0x76,0x65,0xF3,0xFF,0xFF,
  0xFF,0xA4,0x00,0x00,0x00,0x00,0x00,0x00,0x00,0x00,0x00,0x00,0x00,0x00,0x00,0x00,
  0x00,0x27,0xD2,0xFF,0xFF,0x30,0x00,0x00,0x00,0x00,0x00,0x00,0x00,0x00,0x00,0x00,
  0x00,0x00,0x00,0x00,0x00,0x00,0x07,0x75,0xA9,0x00,0x00,0x18,0xFF,0xFF,0xFF,0xFF,
  0xFF,0xFF,0xFF,0xFF,0xFB,0xEF,0xD5,0xA3,0x3B,0x00,0x00,0x00,0x00,0x00,0x18,0xFF,
  0xFF,0xFF,0xFF,0xFF,0xFF,0xFF,0xFF,0xFF,0xFF,0xFF,0xFF,0xFE,0x7B,0x00,0x00,0x00,
  0x00,0x18,0xFF,0xFF,0xFF,0xFF,0xFF,0xFF,0xFF,0xFF,0xFF,0xFF,0xFF,0xFF,0xFF,0xFE,
  0x44,0x00,0x00,0x00,0x18,0xFF,0xFF,0xFF,0xFF,0xFF,0xFF,0xFF,0xFF,0xFF,0xFF,0xFF,
  0xFF,0xFF,0xFF,0xB7,0x00,0x00,0x00,0x18,0xFF,0xFF,0xFF,0xA8,0x00,0x00,0x00,0x01,
  0x03,0x1B,0x89,0xFF,0xFF,0xFF,0xF9,0x01,0x00,0x00,0x18,0xFF,0xFF,0xFF,0xA8,0x00,
  0x00,0x00,0x00,0x00,0x00,0x00,0xD7,0xFF,0xFF,0xFF,0x17,0x00,0x00,0x18,0xFF,0xFF,
  0xFF,0xA8,0x00,0x00,0x00,0x00,0x00,0x00,0x00,0xDB,0xFF,0xFF,0xFF,0x10,0x00,0x00,
  0x18,0xFF,0xFF,0xFF,0xA8,0x00,0x00,0x00,0x02,0x0B,0x24,0x94,0xFF,0xFF,0xFF,0xE2,
  0x00,0x00,0x00,0x18,0xFF,0xFF,0xFF,0xFF,0xFF,0xFF,0xFF,0xFF,0xFF,0xFF,0xFF,0xFF,
  0xFF,0xFF,0x83,0x00,0x00,0x00,0x18,0xFF,0xFF,0xFF,0xFF,0xFF,0xFF,0xFF,0xFF,0xFF,
  0xFF,0xFF,0xFF,0xFF,0xD1,0x0A,0x00,0x00,0x00,0x18,0xFF,0xFF,0xFF,0xFF,0xFF,0xFF,
  0xFF,0xFF,0xFF,0xFF,0xFF,0xFB,0xA2,0x12,0x00,0x00,0x00,0x00,0x18,0xFF,0xFF,0xFF,
  0xFF,0xFF,0xFF,0xFF,0xFF,0xFF,0xFF,0xBD,0x1A,0x00,0x00,0x00,0x00,0x00,0x00,0x18,
  0xFF,0xFF,0xFF,0xA8,0x01,0x0E,0x42,0xCD,0xFF,0xFF,0xFF,0xBB,0x0F,0x00,0x00,0x00,
  0x00,0x00,0x18,0xFF,0xFF,0xFF,0xA8,0x00,0x00,0x00,0x0C,0xC6,0xFF,0xFF,0xFF,0xC2,
  0x05,0x00,0x00,0x00,0x00,0x18,0xFF,0xFF,0xFF,0xA8,0x00,0x00,0x00,0x00,0x12,0xD7,
  0xFF,0xFF,0xFF,0x8E,0x00,0x00,0x00,0x00,0x18,0xFF,0xFF,0xFF,0xA8,0x00,0x00,0x00,
  0x00,0x00,0x2F,0xFA,0xFF,0xFF,0xFE,0x43,0x00,0x00,0x00,0x18,0xFF,0xFF,0xFF,0xA8,
  0x00,0x00,0x00,0x00,0x00,0x00,0x82,0xFF,0xFF,0xFF,0xE2,0x0E,0x00,0x00,0x18,0xFF,
  0xFF,0xFF,0xA8,0x00,0x00,0x00,0x00,0x00,0x00,0x06,0xD3,0xFF,0xFF,0xFF,0x9F,0x00,
  0x00,0x18,0xFF,0xFF,0xFF,0xA8,0x00,0x00,0x00,0x00,0x00,0x00,0x00,0x34,0xFC,0xFF,
  0xFF,0xFF,0x4D,0x00,0x00,0x00,0x00,0x33,0x90,0xD2,0xEC,0xFB,0xF1,0xD5,0xA1,0x48,
  0x00,0x00,0x00,0x00,0x00,0x00,0x01,0x93,0xFE,0xFF,0xFF,0xFF,0xFF,0xFF,0xFF,0xFF,
  0xFF,0xB9,0x0E,0x00,0x00,0x00,0x00,0x84,0xFF,0xFF,0xFF,0xFF,0xFF,0xFF,0xFF,0xFF,
  0xFF,0xFF,0xFF,0xB8,0x00,0x00,0x00,0x13,0xF6,0xFF,0xFF,0xD0,0x4E,0x16,0x06,0x1A,
  0x66,0xF4,0xFF,0xFF,0xFF,0x3C,0x00,0x00,0x4B,0xFF,0xFF,0xFF,0x45,0x00,0x00,0x00,
  0x00,0x00,0x6D,0xFF,0xFF,0xFF,0x79,0x00,0x00,0x5B,0xFF,0xFF,0xFF,0xBC,0x1A,0x00,
  0x00,0x00,0x00,0x00,0x00,0x00,0x00,0x00,0x00,0x00,0x32,0xFF,0xFF,0xFF,0xFF,0xF8,
  0x9D,0x36,0x00,0x00,0x00,0x00,0x00,0x00,0x00,0x00,0x00,0x00,0xCA,0xFF,0xFF,0xFF,
  0xFF,0xFF,0xFF,0xD4,0x72,0x14,0x00,0x00,0x00,0x00,0x00,0x00,0x00,0x28,0xEB,0xFF,
  0xFF,0xFF,0xFF,0xFF,0xFF,0xFF,0xF8,0x9D,0x22,0x00,0x00,0x00,0x00,0x00,0x00,0x21,
  0xB7,0xFF,0xFF,0xFF,0xFF,0xFF,0xFF,0xFF,0xFF,0xF5,0x5C,0x00,0x00,0x00,0x00,0x00,
  0x00,0x00,0x30,0x92,0xE4,0xFF,0xFF,0xFF,0xFF,0xFF,0xFF,0xFB,0x3D,0x00,0x00,0x00,
  0x00,0x00,0x00,0x00,0x00,0x01,0x35,0x85,0xDC,0xFF,0xFF,0xFF,0xFF,0xB9,0x00,0x00,
  0x00,0x00,0x00,0x00,0x00,0x00,0x00,0x00,0x00,0x01,0x57,0xFB,0xFF,0xFF,0xF6,0x00,
  0x02,0xF3,0xFF,0xFF,0xC6,0x00,0x00,0x00,0x00,0x00,0x00,0x00,0xBE,0xFF,0xFF,0xFF,
  0x0A,0x00,0xB8,0xFF,0xFF,0xFF,0x42,0x00,0x00,0x00,0x00,0x00,0x10,0xEA,0xFF,0xFF,
  0xEB,0x00,0x00,0x52,0xFF,0xFF,0xFF,0xF0,0x74,0x22,0x07,0x17,0x4D,0xCF,0xFF,0xFF,
  0xFF,0x96,0x00,0x00,0x00,0xB2,0xFF,0xFF,0xFF,0xFF,0xFF,0xFF,0xFF,0xFF,0xFF,0xFF,
  0xFF,0xE7,0x1C,0x00,0x00,0x00,0x09,0xA7,0xFF,0xFF,0xFF,0xFF,0xFF,0xFF,0xFF,0xFF,
  0xFF,0xD8,0x2E,0x00,0x00,0x00,0x00,0x00,0x00,0x3A,0x98,0xD0,0xF0,0xFB,0xF0,0xDC,
  0xA9,0x5F,0x05,0x00,0x00,0x00,0x70,0xFF,0xFF,0xFF,0xFF,0xFF,0xFF,0xFF,0xFF,0xFF,
  0xFF,0xFF,0xFF,0xFF,0xFF,0x58,0x70,0xFF,0xFF,0xFF,0xFF,0xFF,0xFF,0xFF,0xFF,0xFF,
  0xFF,0xFF,0xFF,0xFF,0xFF,0x58,0x70,0xFF,0xFF,0xFF,0xFF,0xFF,0xFF,0xFF,0xFF,0xFF,
  0xFF,0xFF,0xFF,0xFF,0xFF,0x58,0x70,0xFF,0xFF,0xFF,0xFF,0xFF,0xFF,0xFF,0xFF,0xFF,
  0xFF,0xFF,0xFF,0xFF,0xFF,0x58,0x00,0x00,0x00,0x00,0x00,0x00,0xEC,0xFF,0xFF,0xD8,
  0x00,0x00,0x00,0x00,0x00,0x00,0x00,0x00,0x00,0x00,0x00,0x00,0xEC,0xFF,0xFF,0xD8,
  0x00,0x00,0x00,0x00,0x00,0x00,0x00,0x00,0x00,0x00,0x00,0x00,0xEC,0xFF,0xFF,0xD8,
  0x00,0x00,0x00,0x00,0x00,0x00,0x00,0x00,0x00,0x00,0x00,0x00,0xEC,0xFF,0xFF,0xD8,
  0x00,0x00,0x00,0x00,0x00,0x00,0x00,0x00,0x00,0x00,0x00,0x00,0xEC,0xFF,0xFF,0xD8,
  0x00,0x00,0x00,0x00,0x00,0x00,0x00,0x00,0x00,0x00,0x00,0x00,0xEC,0xFF,0xFF,0xD8,
  0x00,0x00,0x00,0x00,0x00,0x00,0x00,0x00,0x00,0x00,0x00,0x00,0xEC,0xFF,0xFF,0xD8,
  0x00,0x00,0x00,0x00,0x00,0x00,0x00,0x00,0x00,0x00,0x00,0x00,0xEC,0xFF,0xFF,0xD8,
  0x00,0x00,0x00,0x00,0x00,0x00,0x00,0x00,0x00,0x00,0x00,0x00,0xEC,0xFF,0xFF,0xD8,
  0x00,0x00,0x00,0x00,0x00,0x00,0x00,0x00,0x00,0x00,0x00,0x00,0xEC,0xFF,0xFF,0xD8,
  0x00,0x00,0x00,0x00,0x00,0x00,0x00,0x00,0x00,0x00,0x00,0x00,0xEC,0xFF,0xFF,0xD8,
  0x00,0x00,0x00,0x00,0x00,0x00,0x00,0x00,0x00,0x00,0x00,0x00,0xEC,0xFF,0xFF,0xD8,
  0x00,0x00,0x00,0x00,0x00,0x00,0x00,0x00,0x00,0x00,0x00,0x00,0xEC,0xFF,0xFF,0xD8,
  0x00,0x00,0x00,0x00,0x00,0x00,0x00,0x00,0x00,0x00,0x00,0x00,0xEC,0xFF,0xFF,0xD8,
  0x00,0x00,0x00,0x00,0x00,0x00,0x00,0x00,0x00,0x00,0x00,0x00,0xEC,0xFF,0xFF,0xD8,
  0x00,0x00,0x00,0x00,0x00,0x00,0x00,0x24,0xFF,0xFF,0xFF,0xA0,0x00,0x00,0x00,0x00,
  0x00,0x00,0x0C,0xFF,0xFF,0xFF,0xB4,0x00,0x00,0x00,0x24,0xFF,0xFF,0xFF,0xA0,0x00,
  0x00,0x00,0x00,0x00,0x00,0x0C,0xFF,0xFF,0xFF,0xB4,0x00,0x00,0x00,0x24,0xFF,0xFF,
  0xFF,0xA0,0x00,0x00,0x00,0x00,0x00,0x00,0x0C,0xFF,0xFF,0xFF,0xB4,0x00,0x00,0x00,
  0x24,0xFF,0xFF,0xFF,0xA0,0x00,0x00,0x00,0x00,0x00,0x00,0x0C,0xFF,0xFF,0xFF,0xB4,
  0x00,0x00,0x00,0x24,0xFF,0xFF,0xFF,0xA0,0x00,0x00,0x00,0x00,0x00,0x00,0x0C,0xFF,
  0xFF,0xFF,0xB4,0x00,0x00,0x00,0x24,0xFF,0xFF,0xFF,0xA0,0x00,0x00,0x00,0x00,0x00,
  0x00,0x0C,0xFF,0xFF,0xFF,0xB4,0x00,0x00,0x00,0x24,0xFF,0xFF,0xFF,0xA0,0x00,0x00,
  0x00,0x00,0x00,0x00,0x0C,0xFF,0xFF,0xFF,0xB4,0x00,0x00,0x00,0x24,0xFF,0xFF,0xFF,
  0xA0,0x00,0x00,0x00,0x00,0x00,0x00,0x0C,0xFF,0xFF,0xFF,0xB4,0x00,0x00,0x00,0x24,
  0xFF,0xFF,0xFF,0xA0,0x00,0x00,0x00,0x00,0x00,0x00,0x0C,0xFF,0xFF,0xFF,0xB4,0x00,
  0x00,0x00,0x24,0xFF,0xFF,0xFF,0xA0,0x00,0x00,0x00,0x00,0x00,0x00,0x0C,0xFF,0xFF,
  0xFF,0xB3,0x00,0x00,0x00,0x22,0xFF,0xFF,0xFF,0xA1,0x00,0x00,0x00,0x00,0x00,0x00,
  0x0E,0xFF,0xFF,0xFF,0xB1,0x00,0x00,0x00,0x1C,0xFF,0xFF,0xFF,0xA9,0x00,0x00,0x00,
  0x00,0x00,0x00,0x16,0xFF,0xFF,0xFF,0xAC,0x00,0x00,0x00,0x0E,0xFF,0xFF,0xFF,0xC6,
  0x00,0x00,0x00,0x00,0x00,0x00,0x2D,0xFF,0xFF,0xFF,0xA1,0x00,0x00,0x00,0x00,0xF5,
  0xFF,0xFF,0xFE,0x31,0x00,0x00,0x00,0x00,0x00,0x7F,0xFF,0xFF,0xFF,0x8B,0x00,0x00,
  0x00,0x00,0xCB,0xFF,0xFF,0xFF,0xE8,0x62,0x1A,0x07,0x21,0x7D,0xFC,0xFF,0xFF,0xFF,
  0x62,0x00,0x00,0x00,0x00,0x77,0xFF,0xFF,0xFF,0xFF,0xFF,0xFF,0xFF,0xFF,0xFF,0xFF,
  0xFF,0xFF,0xFB,0x16,0x00,0x00,0x00,0x00,0x0A,0xDA,0xFF,0xFF,0xFF,0xFF,0xFF,0xFF,
  0xFF,0xFF,0xFF,0xFF,0xFF,0x87,0x00,0x00,0x00,0x00,0x00,0x00,0x1D,0xD0,0xFF,0xFF,
  0xFF,0xFF,0xFF,0xFF,0xFF,0xFF,0xFF,0x94,0x03,0x00,0x00,0x00,0x00,0x00,0x00,0x00,
  0x03,0x62,0xB6,0xE2,0xF8,0xFD,0xEF,0xD6,0x98,0x35,0x00,0x00,0x00,0x00,0x00,0x00,
  0xD7,0xFF,0xFF,0xFF,0x3A,0x00,0x00,0x00,0x00,0x00,0x00,0x00,0x00,0xD6,0xFF,0xFF,
  0xFF,0x23,0x00,0x7E,0xFF,0xFF,0xFF,0x90,0x00,0x00,0x00,0x00,0x00,0x00,0x00,0x29,
  0xFF,0xFF,0xFF,0xC9,0x00,0x00,0x24,0xFF,0xFF,0xFF,0xE4,0x01,0x00,0x00,0x00,0x00,
  0x00,0x00,0x7D,0xFF,0xFF,0xFF,0x6F,0x00,0x00,0x00,0xCA,0xFF,0xFF,0xFF,0x3C,0x00,
  0x00,0x00,0x00,0x00,0x00,0xD0,0xFF,0xFF,0xFD,0x18,0x00,0x00,0x00,0x71,0xFF,0xFF,
  0xFF,0x92,0x00,0x00,0x00,0x00,0x00,0x23,0xFF,0xFF,0xFF,0xBC,0x00,0x00,0x00,0x00,
  0x19,0xFD,0xFF,0xFF,0xE6,0x02,0x00,0x00,0x00,0x00,0x77,0xFF,0xFF,0xFF,0x62,0x00,
  0x00,0x00,0x00,0x00,0xBD,0xFF,0xFF,0xFF,0x3E,0x00,0x00,0x00,0x00,0xCB,0xFF,0xFF,
  0xF8,0x0F,0x00,0x00,0x00,0x00,0x00,0x64,0xFF,0xFF,0xFF,0x94,0x00,0x00,0x00,0x1E,
  0xFF,0xFF,0xFF,0xAF,0x00,0x00,0x00,0x00,0x00,0x00,0x10,0xF9,0xFF,0xFF,0xE7,0x02,
  0x00,0x00,0x71,0xFF,0xFF,0xFF,0x55,0x00,0x00,0x00,0x00,0x00,0x00,0x00,0xB0,0xFF,
  0xFF,0xFF,0x40,0x00,0x00,0xC5,0xFF,0xFF,0xF2,0x09,0x00,0x00,0x00,0x00,0x00,0x00,
  0x00,0x57,0xFF,0xFF,0xFF,0x96,0x00,0x19,0xFE,0xFF,0xFF,0xA2,0x00,0x00,0x00,0x00,
  0x00,0x00,0x00,0x00,0x09,0xF3,0xFF,0xFF,0xE9,0x03,0x6C,0xFF,0xFF,0xFF,0x48,0x00,
  0x00,0x00,0x00,0x00,0x00,0x00,0x00,0x00,0xA3,0xFF,0xFF,0xFF,0x42,0xBF,0xFF,0xFF,
  0xEA,0x04,0x00,0x00,0x00,0x00,0x00,0x00,0x00,0x00,0x00,0x4A,0xFF,0xFF,0xFF,0xAE,
  0xFC,0xFF,0xFF,0x95,0x00,0x00,0x00,0x00,0x00,0x00,0x00,0x00,0x00,0x00,0x04,0xEB,
  0xFF,0xFF,0xFF,0xFF,0xFF,0xFF,0x3B,0x00,0x00,0x00,0x00,0x00,0x00,0x00,0x00,0x00,
  0x00,0x00,0x96,0xFF,0xFF,0xFF,0xFF,0xFF,0xE0,0x01,0x00,0x00,0x00,0x00,0x00,0x00,
  0x00,0x00,0x00,0x00,0x00,0x3D,0xFF,0xFF,0xFF,0xFF,0xFF,0x88,0x00,0x00,0x00,0x00,
  0x00,0x00,0x00,0x00,0x00,0x00,0x00,0x00,0x01,0xE1,0xFF,0xFF,0xFF,0xFF,0x2E,0x00,
  0x00,0x00,0x00,0x00,0x00,0x00,0x00,0x00,0x00,0x00,0x00,0x00,0x89,0xFF,0xFF,0xFF,
  0xD4,0x00,0x00,0x00,0x00,0x00,0x00,0x00,0xCB,0xFF,0xFF,0xFD,0x0D,0x00,0x00,0x00,
  0x00,0x07,0xF6,0xFF,0xFF,0xFF,0xBB,0x00,0x00,0x00,0x00,0x00,0x60,0xFF,0xFF,0xFF,
  0x65,0x8F,0xFF,0xFF,0xFF,0x41,0x00,0x00,0x00,0x00,0x40,0xFF,0xFF,0xFF,0xFF,0xF5,
  0x05,0x00,0x00,0x00,0x00,0x97,0xFF,0xFF,0xFF,0x28,0x53,0xFF,0xFF,0xFF,0x78,0x00,
  0x00,0x00,0x00,0x83,0xFF,0xFF,0xFF,0xFF,0xFF,0x39,0x00,0x00,0x00,0x00,0xCE,0xFF,
  0xFF,0xEA,0x00,0x17,0xFF,0xFF,0xFF,0xAF,0x00,0x00,0x00,0x00,0xC6,0xFF,0xFF,0xFF,
  0xFF,0xFF,0x78,0x00,0x00,0x00,0x09,0xFB,0xFF,0xFF,0xAE,0x00,0x00,0xDB,0xFF,0xFF,
  0xE6,0x00,0x00,0x00,0x0D,0xFB,0xFF,0xFF,0xFD,0xFF,0xFF,0xB7,0x00,0x00,0x00,0x3C,
  0xFF,0xFF,0xFF,0x71,0x00,0x00,0xA0,0xFF,0xFF,0xFF,0x1D,0x00,0x00,0x4C,0xFF,0xFF,
  0xFF,0xA2,0xFF,0xFF,0xF2,0x03,0x00,0x00,0x74,0xFF,0xFF,0xFF,0x34,0x00,0x00,0x64,
  0xFF,0xFF,0xFF,0x54,0x00,0x00,0x8F,0xFF,0xFF,0xDA,0x42,0xFF,0xFF,0xFF,0x35,0x00,
  0x00,0xAB,0xFF,0xFF,0xF4,0x04,0x00,0x00,0x28,0xFF,0xFF,0xFF,0x8B,0x00,0x00,0xD1,
  0xFF,0xFF,0x98,0x07,0xF7,0xFF,0xFF,0x74,0x00,0x00,0xE2,0xFF,0xFF,0xBB,0x00,0x00,
  0x00,0x00,0xEB,0xFF,0xFF,0xC2,0x00,0x15,0xFE,0xFF,0xFF,0x55,0x00,0xBC,0xFF,0xFF,
  0xB3,0x00,0x19,0xFF,0xFF,0xFF,0x7E,0x00,0x00,0x00,0x00,0xB0,0xFF,0xFF,0xF5,0x03,
  0x57,0xFF,0xFF,0xFE,0x14,0x00,0x79,0xFF,0xFF,0xEF,0x02,0x50,0xFF,0xFF,0xFF,0x41,
  0x00,0x00,0x00,0x00,0x75,0xFF,0xFF,0xFF,0x2F,0x9A,0xFF,0xFF,0xD0,0x00,0x00,0x36,
  0xFF,0xFF,0xFF,0x31,0x87,0xFF,0xFF,0xFA,0x0A,0x00,0x00,0x00,0x00,0x39,0xFF,0xFF,
  0xFF,0x66,0xDD,0xFF,0xFF,0x8E,0x00,0x00,0x03,0xF0,0xFF,0xFF,0x70,0xBF,0xFF,0xFF,
  0xC7,0x00,0x00,0x00,0x00,0x00,0x06,0xF6,0xFF,0xFF,0xBC,0xFF,0xFF,0xFF,0x4B,0x00,
  0x00,0x00,0xB0,0xFF,0xFF,0xB2,0xF3,0xFF,0xFF,0x8B,0x00,0x00,0x00,0x00,0x00,0x00,
  0xC1,0xFF,0xFF,0xFF,0xFF,0xFF,0xFB,0x0D,0x00,0x00,0x00,0x6D,0xFF,0xFF,0xFB,0xFF,
  0xFF,0xFF,0x4E,0x00,0x00,0x00,0x00,0x00,0x00,0x85,0xFF,0xFF,0xFF,0xFF,0xFF,0xC6,
  0x00,0x00,0x00,0x00,0x2A,0xFF,0xFF,0xFF,0xFF,0xFF,0xFE,0x13,0x00,0x00,0x00,0x00,
  0x00,0x00,0x4A,0xFF,0xFF,0xFF,0xFF,0xFF,0x84,0x00,0x00,0x00,0x00,0x00,0xE6,0xFF,
  0xFF,0xFF,0xFF,0xD4,0x00,0x00,0x00,0x00,0x00,0x00,0x00,0x0F,0xFD,0xFF,0xFF,0xFF,
  0xFF,0x41,0x00,0x00,0x00,0x00,0x00,0xA4,0xFF,0xFF,0xFF,0xFF,0x97,0x00,0x00,0x00,
  0x00,0x00,0x00,0x00,0x00,0xD2,0xFF,0xFF,0xFF,0xF7,0x07,0x00,0x00,0x00,0x00,0x00,
  0x61,0xFF,0xFF,0xFF,0xFF,0x5A,0x00,0x00,0x00,0x00,0x00,0x00,0x00,0x00,0x96,0xFF,
  0xFF,0xFF,0xBD,0x00,0x00,0x00,0x00,0x00,0x00,0x1E,0xFF,0xFF,0xFF,0xFF,0x1E,0x00,
  0x00,0x00,0x00,0x21,0xF5,0xFF,0xFF,0xFF,0x4E,0x00,0x00,0x00,0x00,0x00,0x0E,0xE4,
  0xFF,0xFF,0xFF,0x69,0x00,0x00,0x73,0xFF,0xFF,0xFF,0xE4,0x0F,0x00,0x00,0x00,0x00,
  0x9A,0xFF,0xFF,0xFF,0xC2,0x01,0x00,0x00,0x03,0xCB,0xFF,0xFF,0xFF,0x9A,0x00,0x00,
  0x00,0x42,0xFE,0xFF,0xFF,0xF8,0x27,0x00,0x00,0x00,0x00,0x2F,0xFB,0xFF,0xFF,0xFE,
  0x41,0x00,0x0A,0xDD,0xFF,0xFF,0xFF,0x7A,0x00,0x00,0x00,0x00,0x00,0x00,0x87,0xFF,
  0xFF,0xFF,0xDC,0x09,0x8E,0xFF,0xFF,0xFF,0xD0,0x04,0x00,0x00,0x00,0x00,0x00,0x00,
  0x08,0xDA,0xFF,0xFF,0xFF,0xB3,0xFD,0xFF,0xFF,0xFC,0x34,0x00,0x00,0x00,0x00,0x00,
  0x00,0x00,0x00,0x40,0xFE,0xFF,0xFF,0xFF,0xFF,0xFF,0xFF,0x8B,0x00,0x00,0x00,0x00,
  0x00,0x00,0x00,0x00,0x00,0x00,0x9B,0xFF,0xFF,0xFF,0xFF,0xFF,0xDC,0x0A,0x00,0x00,
  0x00,0x00,0x00,0x00,0x00,0x00,0x00,0x00,0x10,0xE6,0xFF,0xFF,0xFF,0xFF,0x42,0x00,
  0x00,0x00,0x00,0x00,0x00,0x00,0x00,0x00,0x00,0x00,0x03,0xCD,0xFF,0xFF,0xFF,0xFA,
  0x29,0x00,0x00,0x00,0x00,0x00,0x00,0x00,0x00,0x00,0x00,0x00,0x76,0xFF,0xFF,0xFF,
  0xFF,0xFF,0xC6,0x02,0x00,0x00,0x00,0x00,0x00,0x00,0x00,0x00,0x00,0x25,0xF6,0xFF,
  0xFF,0xFF,0xFF,0xFF,0xFF,0x6F,0x00,0x00,0x00,0x00,0x00,0x00,0x00,0x00,0x01,0xC1,
  0xFF,0xFF,0xFF,0xE0,0xFF,0xFF,0xFF,0xF4,0x20,0x00,0x00,0x00,0x00,0x00,0x00,0x00,
  0x6A,0xFF,0xFF,0xFF,0xEF,0x1A,0xC1,0xFF,0xFF,0xFF,0xBA,0x00,0x00,0x00,0x00,0x00,
  0x00,0x1E,0xF2,0xFF,0xFF,0xFF,0x64,0x00,0x26,0xF8,0xFF,0xFF,0xFF,0x61,0x00,0x00,
  0x00,0x00,0x00,0xB7,0xFF,0xFF,0xFF,0xBE,0x01,0x00,0x00,0x7B,0xFF,0xFF,0xFF,0xEE,
  0x18,0x00,0x00,0x00,0x5F,0xFF,0xFF,0xFF,0xF6,0x24,0x00,0x00,0x00,0x05,0xD1,0xFF,
  0xFF,0xFF,0xAD,0x00,0x00,0x17,0xED,0xFF,0xFF,0xFF,0x76,0x00,0x00,0x00,0x00,0x00,
  0x35,0xFD,0xFF,0xFF,0xFF,0x53,0x00,0xAD,0xFF,0xFF,0xFF,0xCE,0x04,0x00,0x00,0x00,
  0x00,0x00,0x00,0x8E,0xFF,0xFF,0xFF,0xE7,0x11,0x00,0xB8,0xFF,0xFF,0xFF,0xA9,0x00,
  0x00,0x00,0x00,0x00,0x00,0x00,0x40,0xFF,0xFF,0xFF,0xF3,0x1C,0x00,0x23,0xF7,0xFF,
  0xFF,0xFF,0x3D,0x00,0x00,0x00,0x00,0x00,0x02,0xCE,0xFF,0xFF,0xFF,0x71,0x00,0x00,
  0x00,0x7C,0xFF,0xFF,0xFF,0xCE,0x02,0x00,0x00,0x00,0x00,0x62,0xFF,0xFF,0xFF,0xCF,
  0x03,0x00,0x00,0x00,0x06,0xD7,0xFF,0xFF,0xFF,0x65,0x00,0x00,0x00,0x0B,0xE6,0xFF,
  0xFF,0xFD,0x36,0x00,0x00,0x00,0x00,0x00,0x3F,0xFF,0xFF,0xFF,0xE9,0x0E,0x00,0x00,
  0x83,0xFF,0xFF,0xFF,0x94,0x00,0x00,0x00,0x00,0x00,0x00,0x00,0xA0,0xFF,0xFF,0xFF,
  0x8C,0x00,0x1D,0xF6,0xFF,0xFF,0xE7,0x0F,0x00,0x00,0x00,0x00,0x00,0x00,0x00,0x14,
  0xED,0xFF,0xFF,0xFA,0x26,0xA4,0xFF,0xFF,0xFF,0x57,0x00,0x00,0x00,0x00,0x00,0x00,
  0x00,0x00,0x00,0x63,0xFF,0xFF,0xFF,0xD0,0xFE,0xFF,0xFF,0xB8,0x00,0x00,0x00,0x00,
  0x00,0x00,0x00,0x00,0x00,0x00,0x01,0xC3,0xFF,0xFF,0xFF,0xFF,0xFF,0xF6,0x22,0x00,
  0x00,0x00,0x00,0x00,0x00,0x00,0x00,0x00,0x00,0x00,0x2B,0xFA,0xFF,0xFF,0xFF,0xFF,
  0x7A,0x00,0x00,0x00,0x00,0x00,0x00,0x00,0x00,0x00,0x00,0x00,0x00,0x00,0x87,0xFF,
  0xFF,0xFF,0xD6,0x05,0x00,0x00,0x00,0x00,0x00,0x00,0x00,0x00,0x00,0x00,0x00,0x00,
  0x00,0x38,0xFF,0xFF,0xFF,0x88,0x00,0x00,0x00,0x00,0x00,0x00,0x00,0x00,0x00,0x00,
  0x00,0x00,0x00,0x00,0x38,0xFF,0xFF,0xFF,0x88,0x00,0x00,0x00,0x00,0x00,0x00,0x00,
  0x00,0x00,0x00,0x00,0x00,0x00,0x00,0x38,0xFF,0xFF,0xFF,0x88,0x00,0x00,0x00,0x00,
  0x00,0x00,0x00,0x00,0x00,0x00,0x00,0x00,0x00,0x00,0x38,0xFF,0xFF,0xFF,0x88,0x00,
  0x00,0x00,0x00,0x00,0x00,0x00,0x00,0x00,0x00,0x00,0x00,0x00,0x00,0x38,0xFF,0xFF,
  0xFF,0x88,0x00,0x00,0x00,0x00,0x00,0x00,0x00,0x00,0x00,0x00,0x00,0x00,0x00,0x00,
  0x38,0xFF,0xFF,0xFF,0x88,0x00,0x00,0x00,0x00,0x00,0x00,0x00,0x00,0x00,0x00,0x00,
  0x00,0x00,0x00,0x38,0xFF,0xFF,0xFF,0x88,0x00,0x00,0x00,0x00,0x00,0x00,0x00,0x00,
  0x00,0x00,0x00,0x00,0x00,0x00,0x38,0xFF,0xFF,0xFF,0x88,0x00,0x00,0x00,0x00,0x00,
  0x00,0x00,0x00,0x9C,0xFF,0xFF,0xFF,0xFF,0xFF,0xFF,0xFF,0xFF,0xFF,0xFF,0xFF,0xFF,
  0xFF,0x00,0x00,0x9C,0xFF,0xFF,0xFF,0xFF,0xFF,0xFF,0xFF,0xFF,0xFF,0xFF,0xFF,0xFF,
  0xFF,0x00,0x00,0x9C,0xFF,0xFF,0xFF,0xFF,0xFF,0xFF,0xFF,0xFF,0xFF,0xFF,0xFF,0xFF,
  0xFF,0x00,0x00,0x9C,0xFF,0xFF,0xFF,0xFF,0xFF,0xFF,0xFF,0xFF,0xFF,0xFF,0xFF,0xFF,
  0x92,0x00,0x00,0x00,0x00,0x00,0x00,0x00,0x00,0x00,0x00,0x58,0xFF,0xFF,0xFF,0xB6,
  0x03,0x00,0x00,0x00,0x00,0x00,0x00,0x00,0x00,0x00,0x32,0xF6,0xFF,0xFF,0xD2,0x0D,
  0x00,0x00,0x00,0x00,0x00,0x00,0x00,0x00,0x00,0x17,0xE2,0xFF,0xFF,0xE8,0x1E,0x00,
  0x00,0x00,0x00,0x00,0x00,0x00,0x00,0x00,0x06,0xC4,0xFF,0xFF,0xF7,0x37,0x00,0x00,
  0x00,0x00,0x00,0x00,0x00,0x00,0x00,0x00,0x9B,0xFF,0xFF,0xFE,0x55,0x00,0x00,0x00,
  0x00,0x00,0x00,0x00,0x00,0x00,0x00,0x6C,0xFF,0xFF,0xFF,0x7A,0x00,0x00,0x00,0x00,
  0x00,0x00,0x00,0x00,0x00,0x00,0x41,0xFB,0xFF,0xFF,0xA1,0x00,0x00,0x00,0x00,0x00,
  0x00,0x00,0x00,0x00,0x00,0x20,0xEB,0xFF,0xFF,0xC1,0x06,0x00,0x00,0x00,0x00,0x00,
  0x00,0x00,0x00,0x00,0x0B,0xD1,0xFF,0xFF,0xDB,0x13,0x00,0x00,0x00,0x00,0x00,0x00,
  0x00,0x00,0x00,0x01,0xAD,0xFF,0xFF,0xEE,0x27,0x00,0x00,0x00,0x00,0x00,0x00,0x00,
  0x00,0x00,0x00,0x7F,0xFF,0xFF,0xFA,0x42,0x00,0x00,0x00,0x00,0x00,0x00,0x00,0x00,
  0x00,0x00,0x50,0xFE,0xFF,0xFF,0xFF,0xFF,0xFF,0xFF,0xFF,0xFF,0xFF,0xFF,0xFF,0xFF,
  0xFF,0x68,0xB8,0xFF,0xFF,0xFF,0xFF,0xFF,0xFF,0xFF,0xFF,0xFF,0xFF,0xFF,0xFF,0xFF,
  0xFF,0x68,0xB8,0xFF,0xFF,0xFF,0xFF,0xFF,0xFF,0xFF,0xFF,0xFF,0xFF,0xFF,0xFF,0xFF,
  0xFF,0x68,0xB8,0xFF,0xFF,0xFF,0xFF,0xFF,0xFF,0xFF,0xFF,0xFF,0xFF,0xFF,0xFF,0xFF,
  0xFF,0x68,0x00,0x00,0x00,0x35,0xA3,0xDD,0xF7,0xFC,0xEE,0xC9,0x7A,0x09,0x00,0x00,
  0x00,0x00,0x60,0xFD,0xFF,0xFF,0xFF,0xFF,0xFF,0xFF,0xFF,0xD3,0x0E,0x00,0x00,0x20,
  0xF8,0xFF,0xFF,0x74,0x0D,0x13,0x6E,0xFF,0xFF,0xFF,0x7E,0x00,0x00,0x88,0xFF,0xFF,
  0xBB,0x00,0x00,0x00,0x00,0xD3,0xFF,0xFF,0xB5,0x00,0x00,0x00,0x00,0x00,0x00,0x00,
  0x00,0x00,0x00,0xB3,0xFF,0xFF,0xCA,0x00,0x00,0x00,0x00,0x00,0x00,0x10,0x44,0x7A,
  0xBB,0xFB,0xFF,0xFF,0xCE,0x00,0x00,0x00,0x12,0x7E,0xD2,0xFE,0xFF,0xFF,0xFF,0xFF,
  0xFF,0xFF,0xCC,0x00,0x00,0x24,0xE7,0xFF,0xFF,0xFF,0xD2,0x8B,0x43,0xB4,0xFF,0xFF,
  0xC9,0x00,0x00,0xBA,0xFF,0xFF,0xF1,0x3A,0x00,0x00,0x00,0xB5,0xFF,0xFF,0xC6,0x00,
  0x04,0xFC,0xFF,0xFF,0x94,0x00,0x00,0x00,0x00,0xC7,0xFF,0xFF,0xC5,0x00,0x09,0xFF,
  0xFF,0xFF,0xA2,0x00,0x00,0x00,0x22,0xFB,0xFF,0xFF,0xCA,0x00,0x00,0xCB,0xFF,0xFF,
  0xFA,0x56,0x0C,0x45,0xDB,0xFF,0xFF,0xFF,0xDB,0x00,0x00,0x3B,0xF8,0xFF,0xFF,0xFF,
  0xFF,0xFF,0xFF,0xE4,0xFF,0xFF,0xFA,0x0C,0x00,0x00,0x30,0xAE,0xEC,0xFB,0xE8,0xB0,
  0x4C,0x21,0xFE,0xFF,0xFF,0x5E,0x00,0x48,0xFF,0xFF,0xFF,0x48,0x00,0x00,0x00,0x00,
  0x00,0x00,0x00,0x00,0x00,0x00,0x00,0x48,0xFF,0xFF,0xFF,0x48,0x00,0x00,0x00,0x00,
  0x00,0x00,0x00,0x00,0x00,0x00,0x00,0x48,0xFF,0xFF,0xFF,0x48,0x00,0x00,0x00,0x00,
  0x00,0x00,0x00,0x00,0x00,0x00,0x00,0x48,0xFF,0xFF,0xFF,0x48,0x00,0x00,0x00,0x00,
  0x00,0x00,0x00,0x00,0x00,0x00,0x00,0x48,0xFF,0xFF,0xFF,0x48,0x00,0x00,0x00,0x00,
  0x00,0x00,0x00,0x00,0x00,0x00,0x00,0x48,0xFF,0xFF,0xFF,0x48,0x2E,0xAC,0xEC,0xF7,
  0xD4,0x7E,0x0B,0x00,0x00,0x00,0x00,0x48,0xFF,0xFF,0xFF,0x9D,0xFA,0xFF,0xFF,0xFF,
  0xFF,0xFF,0xD6,0x1B,0x00,0x00,0x00,0x48,0xFF,0xFF,0xFF,0xFF,0xFF,0xFF,0xFF,0xFF,
  0xFF,0xFF,0xFF,0xC4,0x01,0x00,0x00,0x48,0xFF,0xFF,0xFF,0xFF,0xA4,0x25,0x10,0x58,
  0xED,0xFF,0xFF,0xFF,0x49,0x00,0x00,0x48,0xFF,0xFF,0xFF,0xC9,0x00,0x00,0x00,0x00,
  0x4C,0xFF,0xFF,0xFF,0x98,0x00,0x00,0x48,0xFF,0xFF,0xFF,0x69,0x00,0x00,0x00,0x00,
  0x01,0xF0,0xFF,0xFF,0xC7,0x00,0x00,0x48,0xFF,0xFF,0xFF,0x49,0x00,0x00,0x00,0x00,
  0x00,0xD0,0xFF,0xFF,0xD9,0x00,0x00,0x48,0xFF,0xFF,0xFF,0x49,0x00,0x00,0x00,0x00,
  0x00,0xCE,0xFF,0xFF,0xD5,0x00,0x00,0x48,0xFF,0xFF,0xFF,0x6F,0x00,0x00,0x00,0x00,
  0x00,0xEC,0xFF,0xFF,0xBF,0x00,0x00,0x48,0xFF,0xFF,0xFF,0xCF,0x05,0x00,0x00,0x00,
  0x46,0xFF,0xFF,0xFF,0x8C,0x00,0x00,0x48,0xFF,0xFF,0xFF,0xFF,0xB2,0x27,0x0C,0x51,
  0xEA,0xFF,0xFF,0xFF,0x36,0x00,0x00,0x48,0xFF,0xFF,0xFF,0xFF,0xFF,0xFF,0xFF,0xFF,
  0xFF,0xFF,0xFF,0xAF,0x00,0x00,0x00,0x48,0xFF,0xFF,0xFF,0x8C,0xFF,0xFF,0xFF,0xFF,
  0xFF,0xFF,0xCA,0x12,0x00,0x00,0x00,0x48,0xFF,0xFF,0xFF,0x08,0x4F,0xBA,0xEE,0xF8,
  0xD4,0x77,0x07,0x00,0x00,0x00,0x00,0x00,0x00,0x00,0x50,0xB1,0xE7,0xF9,0xE6,0xC8,
  0x75,0x11,0x00,0x00,0x00,0x00,0x0A,0xAF,0xFF,0xFF,0xFF,0xFF,0xFF,0xFF,0xFF,0xEA,
  0x32,0x00,0x00,0x00,0xA4,0xFF,0xFF,0xFF,0xFF,0xFF,0xFF,0xFF,0xFF,0xFF,0xE2,0x0B,
  0x00,0x37,0xFF,0xFF,0xFF,0xDD,0x46,0x0C,0x26,0xB9,0xFF,0xFF,0xFF,0x6D,0x00,0x95,
  0xFF,0xFF,0xFF,0x2D,0x00,0x00,0x00,0x14,0xDE,0x9B,0x52,0x0E,0x00,0xCC,0xFF,0xFF,
  0xDD,0x00,0x00,0x00,0x00,0x00,0x00,0x00,0x00,0x00,0x00,0xE3,0xFF,0xFF,0xC4,0x00,
  0x00,0x00,0x00,0x00,0x00,0x00,0x00,0x00,0x00,0xE3,0xFF,0xFF,0xC7,0x00,0x00,0x00,
  0x00,0x00,0x00,0x00,0x00,0x00,0x00,0xCD,0xFF,0xFF,0xE7,0x00,0x00,0x00,0x00,0x00,
  0x00,0x00,0x00,0x00,0x00,0x97,0xFF,0xFF,0xFF,0x3A,0x00,0x00,0x00,0x03,0xD0,0xA7,
  0x5E,0x17,0x00,0x3B,0xFF,0xFF,0xFF,0xE4,0x4D,0x0D,0x1D,0xA0,0xFF,0xFF,0xFF,0x90,
  0x00,0x00,0xAA,0xFF,0xFF,0xFF,0xFF,0xFF,0xFF,0xFF,0xFF,0xFF,0xF7,0x1F,0x00,0x00,
  0x0C,0xB6,0xFF,0xFF,0xFF,0xFF,0xFF,0xFF,0xFF,0xF5,0x42,0x00,0x00,0x00,0x00,0x01,
  0x55,0xB5,0xE9,0xFB,0xF3,0xD0,0x8D,0x20,0x00,0x00,0x00,0x00,0x00,0x00,0x00,0x00,
  0x00,0x00,0x00,0x00,0x54,0xFF,0xFF,0xFF,0x3C,0x00,0x00,0x00,0x00,0x00,0x00,0x00,
  0x00,0x00,0x00,0x00,0x54,0xFF,0xFF,0xFF,0x3C,0x00,0x00,0x00,0x00,0x00,0x00,0x00,
  0x00,0x00,0x00,0x00,0x54,0xFF,0xFF,0xFF,0x3C,0x00,0x00,0x00,0x00,0x00,0x00,0x00,
  0x00,0x00,0x00,0x00,0x54,0xFF,0xFF,0xFF,0x3C,0x00,0x00,0x00,0x00,0x00,0x00,0x00,
  0x00,0x00,0x00,0x00,0x54,0xFF,0xFF,0xFF,0x3C,0x00,0x00,0x00,0x00,0x0F,0x84,0xD7,
  0xF8,0xEA,0xA7,0x28,0x54,0xFF,0xFF,0xFF,0x3C,0x00,0x00,0x00,0x23,0xDE,0xFF,0xFF,
  0xFF,0xFF,0xFF,0xF7,0x9F,0xFF,0xFF,0xFF,0x3C,0x00,0x00,0x05,0xD0,0xFF,0xFF,0xFF,
  0xFF,0xFF,0xFF,0xFF,0xFF,0xFF,0xFF,0xFF,0x3C,0x00,0x00,0x57,0xFF,0xFF,0xFF,0xE8,
  0x51,0x0F,0x2B,0xB4,0xFF,0xFF,0xFF,0xFF,0x3C,0x00,0x00,0xA8,0xFF,0xFF,0xFF,0x42,
  0x00,0x00,0x00,0x03,0xD4,0xFF,0xFF,0xFF,0x3C,0x00,0x00,0xD7,0xFF,0xFF,0xDE,0x00,
  0x00,0x00,0x00,0x00,0x7E,0xFF,0xFF,0xFF,0x3C,0x00,0x00,0xE9,0xFF,0xFF,0xBD,0x00,
  0x00,0x00,0x00,0x00,0x5C,0xFF,0xFF,0xFF,0x3C,0x00,0x00,0xE7,0xFF,0xFF,0xBB,0x00,
  0x00,0x00,0x00,0x00,0x61,0xFF,0xFF,0xFF,0x3C,0x00,0x00,0xD1,0xFF,0xFF,0xDD,0x00,
  0x00,0x00,0x00,0x00,0x84,0xFF,0xFF,0xFF,0x3C,0x00,0x00,0x9D,0xFF,0xFF,0xFF,0x38,
  0x00,0x00,0x00,0x08,0xE4,0xFF,0xFF,0xFF,0x3C,0x00,0x00,0x46,0xFF,0xFF,0xFF,0xE4,
  0x48,0x09,0x2C,0xBD,0xFF,0xFF,0xFF,0xFF,0x3C,0x00,0x00,0x01,0xBB,0xFF,0xFF,0xFF,
  0xFF,0xFF,0xFF,0xFF,0xFF,0xFF,0xFF,0xFF,0x3C,0x00,0x00,0x00,0x15,0xCF,0xFF,0xFF,
  0xFF,0xFF,0xFF,0xFF,0x8C,0xFF,0xFF,0xFF,0x3C,0x00,0x00,0x00,0x00,0x09,0x7B,0xD6,
  0xF8,0xED,0xB8,0x49,0x14,0xFF,0xFF,0xFF,0x3C,0x00,0x00,0x00,0x00,0x09,0x77,0xCC,
  0xF3,0xF4,0xD5,0x8D,0x1A,0x00,0x00,0x00,0x00,0x00,0x21,0xD8,0xFF,0xFF,0xFF,0xFF,
  0xFF,0xFF,0xF3,0x46,0x00,0x00,0x00,0x0A,0xD5,0xFF,0xFF,0xFF,0xFF,0xFF,0xFF,0xFF,
  0xFF,0xF5,0x25,0x00,0x00,0x74,0xFF,0xFF,0xFF,0xAE,0x25,0x10,0x63,0xF6,0xFF,0xFF,
  0xAA,0x00,0x00,0xD2,0xFF,0xFF,0xDE,0x07,0x00,0x00,0x00,0x7C,0xFF,0xFF,0xF9,0x0D,
  0x0B,0xFE,0xFF,0xFF,0x9E,0x00,0x00,0x00,0x00,0x35,0xFF,0xFF,0xFF,0x3B,0x22,0xFF,
  0xFF,0xFF,0xFF,0xFF,0xFF,0xFF,0xFF,0xFF,0xFF,0xFF,0xFF,0x5B,0x25,0xFF,0xFF,0xFF,
  0xFF,0xFF,0xFF,0xFF,0xFF,0xFF,0xFF,0xFF,0xFF,0x66,0x10,0xFF,0xFF,0xFF,0x92,0x00,
  0x00,0x00,0x00,0x00,0x00,0x00,0x00,0x00,0x00,0xDC,0xFF,0xFF,0xDB,0x07,0x00,0x00,
  0x00,0x00,0x00,0x00,0x00,0x00,0x00,0x83,0xFF,0xFF,0xFF,0xB4,0x2C,0x06,0x29,0xBB,
  0xC4,0x7C,0x34,0x01,0x00,0x10,0xE6,0xFF,0xFF,0xFF,0xFF,0xFF,0xFF,0xFF,0xFF,0xFF,
  0xD9,0x0A,0x00,0x00,0x2C,0xE5,0xFF,0xFF,0xFF,0xFF,0xFF,0xFF,0xFF,0xDC,0x2D,0x00,
  0x00,0x00,0x00,0x0D,0x79,0xC8,0xED,0xF9,0xE5,0xC1,0x6E,0x0D,0x00,0x00,0x00,0x00,
  0x00,0x36,0xB0,0xEA,0xFA,0xE9,0xBB,0x35,0x00,0x00,0x31,0xFA,0xFF,0xFF,0xFF,0xFF,
  0xFF,0x3E,0x00,0x00,0x90,0xFF,0xFF,0xFF,0xFF,0xFF,0xFF,0x10,0x00,0x00,0xAF,0xFF,
  0xFF,0xF8,0x2B,0x09,0x24,0x00,0x00,0x00,0xB7,0xFF,0xFF,0xDD,0x00,0x00,0x00,0x00,
  0xB0,0xFF,0xFF,0xFF,0xFF,0xFF,0xFF,0xFF,0x84,0x00,0xB0,0xFF,0xFF,0xFF,0xFF,0xFF,
  0xFF,0xFF,0x84,0x00,0xB0,0xFF,0xFF,0xFF,0xFF,0xFF,0xFF,0xFF,0x84,0x00,0x00,0x00,
  0xB8,0xFF,0xFF,0xDC,0x00,0x00,0x00,0x00,0x00,0x00,0xB8,0xFF,0xFF,0xDC,0x00,0x00,
  0x00,0x00,0x00,0x00,0xB8,0xFF,0xFF,0xDC,0x00,0x00,0x00,0x00,0x00,0x00,0xB8,0xFF,
  0xFF,0xDC,0x00,0x00,0x00,0x00,0x00,0x00,0xB8,0xFF,0xFF,0xDC,0x00,0x00,0x00,0x00,
  0x00,0x00,0xB8,0xFF,0xFF,0xDC,0x00,0x00,0x00,0x00,0x00,0x00,0xB8,0xFF,0xFF,0xDC,
  0x00,0x00,0x00,0x00,0x00,0x00,0xB8,0xFF,0xFF,0xDC,0x00,0x00,0x00,0x00,0x00,0x00,
  0xB8,0xFF,0xFF,0xDC,0x00,0x00,0x00,0x00,0x00,0x00,0xB8,0xFF,0xFF,0xDC,0x00,0x00,
  0x00,0x00,0x00,0x00,0xB8,0xFF,0xFF,0xDC,0x00,0x00,0x00,0x00,0x00,0x00,0x00,0x0B,
  0x7F,0xD6,0xF7,0xE7,0x9E,0x1D,0x20,0xFF,0xFF,0xFF,0x38,0x00,0x00,0x00,0x1B,0xD7,
  0xFF,0xFF,0xFF,0xFF,0xFF,0xEB,0x4D,0xFF,0xFF,0xFF,0x38,0x00,0x00,0x02,0xC6,0xFF,
  0xFF,0xFF,0xFF,0xFF,0xFF,0xFF,0xEE,0xFF,0xFF,0xFF,0x38,0x00,0x00,0x4D,0xFF,0xFF,
  0xFF,0xEA,0x51,0x0F,0x2D,0xB9,0xFF,0xFF,0xFF,0xFF,0x38,0x00,0x00,0xA1,0xFF,0xFF,
  0xFF,0x3C,0x00,0x00,0x00,0x04,0xD3,0xFF,0xFF,0xFF,0x38,0x00,0x00,0xD2,0xFF,0xFF,
  0xDF,0x00,0x00,0x00,0x00,0x00,0x75,0xFF,0xFF,0xFF,0x38,0x00,0x00,0xE7,0xFF,0xFF,
  0xBE,0x00,0x00,0x00,0x00,0x00,0x50,0xFF,0xFF,0xFF,0x38,0x00,0x00,0xE9,0xFF,0xFF,
  0xBF,0x00,0x00,0x00,0x00,0x00,0x58,0xFF,0xFF,0xFF,0x38,0x00,0x00,0xD4,0xFF,0xFF,
  0xE1,0x00,0x00,0x00,0x00,0x00,0x7C,0xFF,0xFF,0xFF,0x38,0x00,0x00,0xA2,0xFF,0xFF,
  0xFF,0x3B,0x00,0x00,0x00,0x08,0xE1,0xFF,0xFF,0xFF,0x38,0x00,0x00,0x4B,0xFF,0xFF,
  0xFF,0xE7,0x4D,0x0D,0x31,0xC0,0xFF,0xFF,0xFF,0xFF,0x38,0x00,0x00,0x00,0xC4,0xFF,
  0xFF,0xFF,0xFF,0xFF,0xFF,0xFF,0xF7,0xFF,0xFF,0xFF,0x38,0x00,0x00,0x00,0x19,0xDD,
  0xFF,0xFF,0xFF,0xFF,0xFF,0xDD,0x71,0xFF,0xFF,0xFF,0x35,0x00,0x00,0x00,0x00,0x0F,
  0x89,0xDC,0xF8,0xE2,0x90,0x10,0x5A,0xFF,0xFF,0xFF,0x2B,0x00,0x00,0x00,0x00,0x00,
  0x00,0x00,0x00,0x00,0x00,0x00,0x71,0xFF,0xFF,0xFF,0x13,0x00,0x00,0x6B,0xC2,0x84,
  0x45,0x0B,0x00,0x00,0x0F,0x48,0xE4,0xFF,0xFF,0xDE,0x00,0x00,0x00,0x3B,0xFF,0xFF,
  0xFF,0xFF,0xFF,0xFF,0xFF,0xFF,0xFF,0xFF,0xFF,0x76,0x00,0x00,0x00,0x00,0x8F,0xFF,
  0xFF,0xFF,0xFF,0xFF,0xFF,0xFF,0xFF,0xFF,0xB2,0x04,0x00,0x00,0x00,0x00,0x00,0x45,
  0xA2,0xD6,0xF2,0xFC,0xF6,0xE2,0xB1,0x55,0x01,0x00,0x00,0x00,0x00,0x24,0xFF,0xFF,
  0xFF,0x6C,0x00,0x00,0x00,0x00,0x00,0x00,0x00,0x00,0x00,0x00,0x00,0x24,0xFF,0xFF,
  0xFF,0x6C,0x00,0x00,0x00,0x00,0x00,0x00,0x00,0x00,0x00,0x00,0x00,0x24,0xFF,0xFF,
  0xFF,0x6C,0x00,0x00,0x00,0x00,0x00,0x00,0x00,0x00,0x00,0x00,0x00,0x24,0xFF,0xFF,
  0xFF,0x6C,0x00,0x00,0x00,0x00,0x00,0x00,0x00,0x00,0x00,0x00,0x00,0x24,0xFF,0xFF,
  0xFF,0x6C,0x00,0x00,0x00,0x00,0x00,0x00,0x00,0x00,0x00,0x00,0x00,0x24,0xFF,0xFF,
  0xFF,0x6C,0x09,0x80,0xDA,0xF8,0xE4,0x9C,0x1F,0x00,0x00,0x00,0x00,0x24,0xFF,0xFF,
  0xFF,0x7F,0xD1,0xFF,0xFF,0xFF,0xFF,0xFF,0xED,0x26,0x00,0x00,0x00,0x24,0xFF,0xFF,
  0xFF,0xFA,0xFF,0xFF,0xFF,0xFF,0xFF,0xFF,0xFF,0xAD,0x00,0x00,0x00,0x24,0xFF,0xFF,
  0xFF,0xFF,0xAD,0x27,0x08,0x4F,0xF5,0xFF,0xFF,0xF5,0x01,0x00,0x00,0x24,0xFF,0xFF,
  0xFF,0xDB,0x04,0x00,0x00,0x00,0x9A,0xFF,0xFF,0xFF,0x13,0x00,0x00,0x24,0xFF,0xFF,
  0xFF,0x91,0x00,0x00,0x00,0x00,0x79,0xFF,0xFF,0xFF,0x1C,0x00,0x00,0x24,0xFF,0xFF,
  0xFF,0x76,0x00,0x00,0x00,0x00,0x71,0xFF,0xFF,0xFF,0x20,0x00,0x00,0x24,0xFF,0xFF,
  0xFF,0x6C,0x00,0x00,0x00,0x00,0x70,0xFF,0xFF,0xFF,0x20,0x00,0x00,0x24,0xFF,0xFF,
  0xFF,0x6C,0x00,0x00,0x00,0x00,0x70,0xFF,0xFF,0xFF,0x20,0x00,0x00,0x24,0xFF,0xFF,
  0xFF,0x6C,0x00,0x00,0x00,0x00,0x70,0xFF,0xFF,0xFF,0x20,0x00,0x00,0x24,0xFF,0xFF,
  0xFF,0x6C,0x00,0x00,0x00,0x00,0x70,0xFF,0xFF,0xFF,0x20,0x00,0x00,0x24,0xFF,0xFF,
  0xFF,0x6C,0x00,0x00,0x00,0x00,0x70,0xFF,0xFF,0xFF,0x20,0x00,0x00,0x24,0xFF,0xFF,
  0xFF,0x6C,0x00,0x00,0x00,0x00,0x70,0xFF,0xFF,0xFF,0x20,0x00,0x00,0x24,0xFF,0xFF,
  0xFF,0x6C,0x00,0x00,0x00,0x00,0x70,0xFF,0xFF,0xFF,0x20,0x00,0x00,0x24,0xFF,0xFF,
  0xFF,0x70,0x00,0x00,0x24,0xFF,0xFF,0xFF,0x70,0x00,0x00,0x24,0xFF,0xFF,0xFF,0x70,
  0x00,0x00,0x00,0x00,0x00,0x00,0x00,0x00,0x00,0x00,0x00,0x00,0x00,0x00,0x00,0x00,
  0x24,0xFF,0xFF,0xFF,0x70,0x00,0x00,0x24,0xFF,0xFF,0xFF,0x70,0x00,0x00,0x24,0xFF,
  0xFF,0xFF,0x70,0x00,0x00,0x24,0xFF,0xFF,0xFF,0x70,0x00,0x00,0x24,0xFF,0xFF,0xFF,
  0x70,0x00,0x00,0x24,0xFF,0xFF,0xFF,0x70,0x00,0x00,0x24,0xFF,0xFF,0xFF,0x70,0x00,
  0x00,0x24,0xFF,0xFF,0xFF,0x70,0x00,0x00,0x24,0xFF,0xFF,0xFF,0x70,0x00,0x00,0x24,
  0xFF,0xFF,0xFF,0x70,0x00,0x00,0x24,0xFF,0xFF,0xFF,0x70,0x00,0x00,0x24,0xFF,0xFF,
  0xFF,0x70,0x00,0x00,0x24,0xFF,0xFF,0xFF,0x70,0x00,0x00,0x24,0xFF,0xFF,0xFF,0x70,
  0x00,0x00,0x00,0x00,0x34,0xFF,0xFF,0xFF,0x5C,0x00,0x00,0x00,0x00,0x34,0xFF,0xFF,
  0xFF,0x5C,0x00,0x00,0x00,0x00,0x34,0xFF,0xFF,0xFF,0x5C,0x00,0x00,0x00,0x00,0x00,
  0x00,0x00,0x00,0x00,0x00,0x00,0x00,0x00,0x00,0x00,0x00,0x00,0x00,0x00,0x00,0x00,
  0x00,0x34,0xFF,0xFF,0xFF,0x5C,0x00,0x00,0x00,0x00,0x34,0xFF,0xFF,0xFF,0x5C,0x00,
  0x00,0x00,0x00,0x34,0xFF,0xFF,0xFF,0x5C,0x00,0x00,0x00,0x00,0x34,0xFF,0xFF,0xFF,
  0x5C,0x00,0x00,0x00,0x00,0x34,0xFF,0xFF,0xFF,0x5C,0x00,0x00,0x00,0x00,0x34,0xFF,
  0xFF,0xFF,0x5C,0x00,0x00,0x00,0x00,0x34,0xFF,0xFF,0xFF,0x5C,0x00,0x00,0x00,0x00,
  0x34,0xFF,0xFF,0xFF,0x5C,0x00,0x00,0x00,0x00,0x34,0xFF,0xFF,0xFF,0x5C,0x00,0x00,
  0x00,0x00,0x34,0xFF,0xFF,0xFF,0x5C,0x00,0x00,0x00,0x00,0x34,0xFF,0xFF,0xFF,0x5C,
  0x00,0x00,0x00,0x00,0x34,0xFF,0xFF,0xFF,0x5C,0x00,0x00,0x00,0x00,0x34,0xFF,0xFF,
  0xFF,0x5C,0x00,0x00,0x00,0x00,0x34,0xFF,0xFF,0xFF,0x59,0x00,0x00,0x00,0x00,0x3D,
  0xFF,0xFF,0xFF,0x51,0x00,0x00,0x09,0x10,0x9C,0xFF,0xFF,0xFF,0x3D,0x00,0x00,0xB7,
  0xFF,0xFF,0xFF,0xFF,0xFC,0x13,0x00,0x01,0xED,0xFF,0xFF,0xFF,0xFF,0x97,0x00,0x00,
  0x14,0xCC,0xF2,0xF8,0xD8,0x7A,0x03,0x00,0x00,0x00,0x44,0xFF,0xFF,0xFF,0x50,0x00,
  0x00,0x00,0x00,0x00,0x00,0x00,0x00,0x00,0x00,0x44,0xFF,0xFF,0xFF,0x50,0x00,0x00,
  0x00,0x00,0x00,0x00,0x00,0x00,0x00,0x00,0x44,0xFF,0xFF,0xFF,0x50,0x00,0x00,0x00,
  0x00,0x00,0x00,0x00,0x00,0x00,0x00,0x44,0xFF,0xFF,0xFF,0x50,0x00,0x00,0x00,0x00,
  0x00,0x00,0x00,0x00,0x00,0x00,0x44,0xFF,0xFF,0xFF,0x50,0x00,0x00,0x00,0x00,0x00,
  0x00,0x00,0x00,0x00,0x00,0x44,0xFF,0xFF,0xFF,0x50,0x00,0x00,0x13,0xDC,0xFF,0xFF,
  0xFF,0x6C,0x00,0x00,0x44,0xFF,0xFF,0xFF,0x50,0x00,0x06,0xC2,0xFF,0xFF,0xFF,0x86,
  0x00,0x00,0x00,0x44,0xFF,0xFF,0xFF,0x50,0x00,0xA0,0xFF,0xFF,0xFF,0x9F,0x00,0x00,
  0x00,0x00,0x44,0xFF,0xFF,0xFF,0x50,0x79,0xFF,0xFF,0xFF,0xB5,0x04,0x00,0x00,0x00,
  0x00,0x44,0xFF,0xFF,0xFF,0xA2,0xFE,0xFF,0xFF,0xC8,0x0A,0x00,0x00,0x00,0x00,0x00,
  0x44,0xFF,0xFF,0xFF,0xFF,0xFF,0xFF,0xFF,0x7C,0x00,0x00,0x00,0x00,0x00,0x00,0x44,
  0xFF,0xFF,0xFF,0xFF,0xFF,0xFF,0xFF,0xF1,0x15,0x00,0x00,0x00,0x00,0x00,0x44,0xFF,
  0xFF,0xFF,0xFF,0xF2,0xFB,0xFF,0xFF,0x96,0x00,0x00,0x00,0x00,0x00,0x44,0xFF,0xFF,
  0xFF,0xF9,0x42,0x99,0xFF,0xFF,0xFB,0x28,0x00,0x00,0x00,0x00,0x44,0xFF,0xFF,0xFF,
  0x6E,0x00,0x19,0xF5,0xFF,0xFF,0xB2,0x00,0x00,0x00,0x00,0x44,0xFF,0xFF,0xFF,0x50,
  0x00,0x00,0x86,0xFF,0xFF,0xFF,0x41,0x00,0x00,0x00,0x44,0xFF,0xFF,0xFF,0x50,0x00,
  0x00,0x0F,0xED,0xFF,0xFF,0xCD,0x01,0x00,0x00,0x44,0xFF,0xFF,0xFF,0x50,0x00,0x00,
  0x00,0x73,0xFF,0xFF,0xFF,0x5E,0x00,0x00,0x44,0xFF,0xFF,0xFF,0x50,0x00,0x00,0x00,
  0x07,0xE1,0xFF,0xFF,0xE3,0x09,0x00,0x24,0xFF,0xFF,0xFF,0x70,0x00,0x00,0x24,0xFF,
  0xFF,0xFF,0x70,0x00,0x00,0x24,0xFF,0xFF,0xFF,0x70,0x00,0x00,0x24,0xFF,0xFF,0xFF,
  0x70,0x00,0x00,0x24,0xFF,0xFF,0xFF,0x70,0x00,0x00,0x24,0xFF,0xFF,0xFF,0x70,0x00,
  0x00,0x24,0xFF,0xFF,0xFF,0x70,0x00,0x00,0x24,0xFF,0xFF,0xFF,0x70,0x00,0x00,0x24,
  0xFF,0xFF,0xFF,0x70,0x00,0x00,0x24,0xFF,0xFF,0xFF,0x70,0x00,0x00,0x24,0xFF,0xFF,
  0xFF,0x70,0x00,0x00,0x24,0xFF,0xFF,0xFF,0x70,0x00,0x00,0x24,0xFF,0xFF,0xFF,0x70,
  0x00,0x00,0x24,0xFF,0xFF,0xFF,0x70,0x00,0x00,0x24,0xFF,0xFF,0xFF,0x70,0x00,0x00,
  0x24,0xFF,0xFF,0xFF,0x70,0x00,0x00,0x24,0xFF,0xFF,0xFF,0x70,0x00,0x00,0x24,0xFF,
  0xFF,0xFF,0x70,0x00,0x00,0x24,0xFF,0xFF,0xFF,0x70,0x00,0x00,0x68,0xFF,0xFF,0xE4,
  0x01,0x59,0xC0,0xF0,0xF2,0xC0,0x43,0x00,0x00,0x30,0xAF,0xEE,0xF1,0xC7,0x5A,0x00,
  0x00,0x00,0x00,0x68,0xFF,0xFF,0xE9,0xAD,0xFF,0xFF,0xFF,0xFF,0xFF,0xFC,0x50,0x54,
  0xF8,0xFF,0xFF,0xFF,0xFF,0xFF,0x79,0x00,0x00,0x00,0x68,0xFF,0xFF,0xFF,0xFF,0xFF,
  0xFF,0xFF,0xFF,0xFF,0xFF,0xED,0xF8,0xFF,0xFF,0xFF,0xFF,0xFF,0xFF,0xF8,0x18,0x00,
  0x00,0x68,0xFF,0xFF,0xFF,0xFC,0x72,0x0F,0x1C,0xCC,0xFF,0xFF,0xFF,0xFF,0x8D,0x15,
  0x1E,0xC2,0xFF,0xFF,0xFF,0x53,0x00,0x00,0x68,0xFF,0xFF,0xFF,0x94,0x00,0x00,0x00,
  0x5F,0xFF,0xFF,0xFF,0xBE,0x00,0x00,0x00,0x48,0xFF,0xFF,0xFF,0x69,0x00,0x00,0x68,
  0xFF,0xFF,0xFF,0x4A,0x00,0x00,0x00,0x46,0xFF,0xFF,0xFF,0x72,0x00,0x00,0x00,0x2B,
  0xFF,0xFF,0xFF,0x6F,0x00,0x00,0x68,0xFF,0xFF,0xFF,0x32,0x00,0x00,0x00,0x40,0xFF,
  0xFF,0xFF,0x57,0x00,0x00,0x00,0x24,0xFF,0xFF,0xFF,0x70,0x00,0x00,0x68,0xFF,0xFF,
  0xFF,0x2C,0x00,0x00,0x00,0x40,0xFF,0xFF,0xFF,0x50,0x00,0x00,0x00,0x24,0xFF,0xFF,
  0xFF,0x70,0x00,0x00,0x68,0xFF,0xFF,0xFF,0x2C,0x00,0x00,0x00,0x40,0xFF,0xFF,0xFF,
  0x50,0x00,0x00,0x00,0x24,0xFF,0xFF,0xFF,0x70,0x00,0x00,0x68,0xFF,0xFF,0xFF,0x2C,
  0x00,0x00,0x00,0x40,0xFF,0xFF,0xFF,0x50,0x00,0x00,0x00,0x24,0xFF,0xFF,0xFF,0x70,
  0x00,0x00,0x68,0xFF,0xFF,0xFF,0x2C,0x00,0x00,0x00,0x40,0xFF,0xFF,0xFF,0x50,0x00,
  0x00,0x00,0x24,0xFF,0xFF,0xFF,0x70,0x00,0x00,0x68,0xFF,0xFF,0xFF,0x2C,0x00,0x00,
  0x00,0x40,0xFF,0xFF,0xFF,0x50,0x00,0x00,0x00,0x24,0xFF,0xFF,0xFF,0x70,0x00,0x00,
  0x68,0xFF,0xFF,0xFF,0x2C,0x00,0x00,0x00,0x40,0xFF,0xFF,0xFF,0x50,0x00,0x00,0x00,
  0x24,0xFF,0xFF,0xFF,0x70,0x00,0x00,0x68,0xFF,0xFF,0xFF,0x2C,0x00,0x00,0x00,0x40,
  0xFF,0xFF,0xFF,0x50,0x00,0x00,0x00,0x24,0xFF,0xFF,0xFF,0x70,0x00,0x00,0x28,0xFF,
  0xFF,0xFF,0x28,0x25,0x9C,0xE1,0xF9,0xE7,0xA2,0x28,0x00,0x00,0x00,0x00,0x28,0xFF,
  0xFF,0xFF,0x7F,0xF9,0xFF,0xFF,0xFF,0xFF,0xFF,0xF3,0x33,0x00,0x00,0x00,0x28,0xFF,
  0xFF,0xFF,0xFF,0xFF,0xFF,0xFF,0xFF,0xFF,0xFF,0xFF,0xBA,0x00,0x00,0x00,0x28,0xFF,
  0xFF,0xFF,0xFF,0xB2,0x2A,0x09,0x5A,0xFA,0xFF,0xFF,0xF9,0x03,0x00,0x00,0x28,0xFF,
  0xFF,0xFF,0xD8,0x04,0x00,0x00,0x00,0xA7,0xFF,0xFF,0xFF,0x16,0x00,0x00,0x28,0xFF,
  0xFF,0xFF,0x8A,0x00,0x00,0x00,0x00,0x7E,0xFF,0xFF,0xFF,0x1E,0x00,0x00,0x28,0xFF,
  0xFF,0xFF,0x71,0x00,0x00,0x00,0x00,0x73,0xFF,0xFF,0xFF,0x20,0x00,0x00,0x28,0xFF,
  0xFF,0xFF,0x69,0x00,0x00,0x00,0x00,0x70,0xFF,0xFF,0xFF,0x20,0x00,0x00,0x28,0xFF,
  0xFF,0xFF,0x68,0x00,0x00,0x00,0x00,0x70,0xFF,0xFF,0xFF,0x20,0x00,0x00,0x28,0xFF,
  0xFF,0xFF,0x68,0x00,0x00,0x00,0x00,0x70,0xFF,0xFF,0xFF,0x20,0x00,0x00,0x28,0xFF,
  0xFF,0xFF,0x68,0x00,0x00,0x00,0x00,0x70,0xFF,0xFF,0xFF,0x20,0x00,0x00,0x28,0xFF,
  0xFF,0xFF,0x68,0x00,0x00,0x00,0x00,0x70,0xFF,0xFF,0xFF,0x20,0x00,0x00,0x28,0xFF,
  0xFF,0xFF,0x68,0x00,0x00,0x00,0x00,0x70,0xFF,0xFF,0xFF,0x20,0x00,0x00,0x28,0xFF,
  0xFF,0xFF,0x68,0x00,0x00,0x00,0x00,0x70,0xFF,0xFF,0xFF,0x20,0x00,0x00,0x00,0x00,
  0x00,0x26,0x8B,0xD3,0xF1,0xF4,0xD6,0x92,0x23,0x00,0x00,0x00,0x00,0x00,0x00,0x00,
  0x73,0xFA,0xFF,0xFF,0xFF,0xFF,0xFF,0xFF,0xFA,0x6D,0x00,0x00,0x00,0x00,0x00,0x6F,
  0xFF,0xFF,0xFF,0xFF,0xFF,0xFF,0xFF,0xFF,0xFF,0xFF,0x6A,0x00,0x00,0x00,0x1F,0xF8,
  0xFF,0xFF,0xF5,0x66,0x0F,0x0F,0x67,0xF6,0xFF,0xFF,0xF9,0x1E,0x00,0x00,0x83,0xFF,
  0xFF,0xFF,0x63,0x00,0x00,0x00,0x00,0x67,0xFF,0xFF,0xFF,0x89,0x00,0x00,0xC9,0xFF,
  0xFF,0xEB,0x02,0x00,0x00,0x00,0x00,0x03,0xEE,0xFF,0xFF,0xCC,0x00,0x00,0xE9,0xFF,
  0xFF,0xC5,0x00,0x00,0x00,0x00,0x00,0x00,0xC9,0xFF,0xFF,0xE9,0x00,0x00,0xE2,0xFF,
  0xFF,0xC5,0x00,0x00,0x00,0x00,0x00,0x00,0xCB,0xFF,0xFF,0xE8,0x00,0x00,0xC7,0xFF,
  0xFF,0xEB,0x02,0x00,0x00,0x00,0x00,0x03,0xEF,0xFF,0xFF,0xC9,0x00,0x00,0x89,0xFF,
  0xFF,0xFF,0x63,0x00,0x00,0x00,0x00,0x68,0xFF,0xFF,0xFF,0x84,0x00,0x00,0x29,0xFD,
  0xFF,0xFF,0xF4,0x65,0x0F,0x0F,0x66,0xF5,0xFF,0xFF,0xF6,0x19,0x00,0x00,0x00,0x7F,
  0xFF,0xFF,0xFF,0xFF,0xFF,0xFF,0xFF,0xFF,0xFF,0xFF,0x60,0x00,0x00,0x00,0x00,0x02,
  0x7E,0xFB,0xFF,0xFF,0xFF,0xFF,0xFF,0xFF,0xF8,0x63,0x00,0x00,0x00,0x00,0x00,0x00,
  0x00,0x29,0x8B,0xD2,0xF1,0xF5,0xD6,0x90,0x1F,0x00,0x00,0x00,0x00,0x00,0x3C,0xFF,
  0xFF,0xFF,0x18,0x4C,0xB8,0xEC,0xF8,0xD6,0x7D,0x0A,0x00,0x00,0x00,0x00,0x3C,0xFF,
  0xFF,0xFF,0x94,0xFF,0xFF,0xFF,0xFF,0xFF,0xFF,0xD2,0x18,0x00,0x00,0x00,0x3C,0xFF,
  0xFF,0xFF,0xFF,0xFF,0xFF,0xFF,0xFF,0xFF,0xFF,0xFF,0xBF,0x01,0x00,0x00,0x3C,0xFF,
  0xFF,0xFF,0xFF,0xB3,0x2B,0x0F,0x54,0xEC,0xFF,0xFF,0xFF,0x49,0x00,0x00,0x3C,0xFF,
  0xFF,0xFF,0xD7,0x03,0x00,0x00,0x00,0x42,0xFF,0xFF,0xFF,0x9E,0x00,0x00,0x3C,0xFF,
  0xFF,0xFF,0x77,0x00,0x00,0x00,0x00,0x00,0xE1,0xFF,0xFF,0xCF,0x00,0x00,0x3C,0xFF,
  0xFF,0xFF,0x56,0x00,0x00,0x00,0x00,0x00,0xBE,0xFF,0xFF,0xE4,0x00,0x00,0x3C,0xFF,
  0xFF,0xFF,0x56,0x00,0x00,0x00,0x00,0x00,0xBF,0xFF,0xFF,0xE1,0x00,0x00,0x3C,0xFF,
  0xFF,0xFF,0x7F,0x00,0x00,0x00,0x00,0x00,0xDF,0xFF,0xFF,0xCC,0x00,0x00,0x3C,0xFF,
  0xFF,0xFF,0xDC,0x08,0x00,0x00,0x00,0x37,0xFF,0xFF,0xFF,0x98,0x00,0x00,0x3C,0xFF,
  0xFF,0xFF,0xFF,0xBA,0x29,0x0B,0x49,0xE4,0xFF,0xFF,0xFF,0x40,0x00,0x00,0x3C,0xFF,
  0xFF,0xFF,0xFF,0xFF,0xFF,0xFF,0xFF,0xFF,0xFF,0xFF,0xB6,0x00,0x00,0x00,0x3C,0xFF,
  0xFF,0xFF,0x90,0xF0,0xFF,0xFF,0xFF,0xFF,0xFF,0xCD,0x13,0x00,0x00,0x00,0x3C,0xFF,
  0xFF,0xFF,0x54,0x20,0xA5,0xEB,0xF8,0xD5,0x79,0x08,0x00,0x00,0x00,0x00,0x3C,0xFF,
  0xFF,0xFF,0x54,0x00,0x00,0x00,0x00,0x00,0x00,0x00,0x00,0x00,0x00,0x00,0x3C,0xFF,
  0xFF,0xFF,0x54,0x00,0x00,0x00,0x00,0x00,0x00,0x00,0x00,0x00,0x00,0x00,0x3C,0xFF,
  0xFF,0xFF,0x54,0x00,0x00,0x00,0x00,0x00,0x00,0x00,0x00,0x00,0x00,0x00,0x3C,0xFF,
  0xFF,0xFF,0x54,0x00,0x00,0x00,0x00,0x00,0x00,0x00,0x00,0x00,0x00,0x00,0x3C,0xFF,
  0xFF,0xFF,0x54,0x00,0x00,0x00,0x00,0x00,0x00,0x00,0x00,0x00,0x00,0x00,0x00,0x00,
  0x06,0x73,0xCF,0xF6,0xF2,0xC8,0x60,0x0C,0xFF,0xFF,0xFF,0x40,0x00,0x00,0x00,0x11,
  0xC8,0xFF,0xFF,0xFF,0xFF,0xFF,0xFF,0x93,0xFF,0xFF,0xFF,0x40,0x00,0x00,0x00,0xB1,
  0xFF,0xFF,0xFF,0xFF,0xFF,0xFF,0xFF,0xFF,0xFF,0xFF,0xFF,0x40,0x00,0x00,0x39,0xFF,
  0xFF,0xFF,0xF1,0x61,0x12,0x23,0x9D,0xFF,0xFF,0xFF,0xFF,0x40,0x00,0x00,0x8E,0xFF,
  0xFF,0xFF,0x53,0x00,0x00,0x00,0x00,0xC2,0xFF,0xFF,0xFF,0x40,0x00,0x00,0xBE,0xFF,
  0xFF,0xF3,0x03,0x00,0x00,0x00,0x00,0x60,0xFF,0xFF,0xFF,0x40,0x00,0x00,0xD1,0xFF,
  0xFF,0xD3,0x00,0x00,0x00,0x00,0x00,0x40,0xFF,0xFF,0xFF,0x40,0x00,0x00,0xCD,0xFF,
  0xFF,0xD1,0x00,0x00,0x00,0x00,0x00,0x3E,0xFF,0xFF,0xFF,0x40,0x00,0x00,0xB6,0xFF,
  0xFF,0xEF,0x01,0x00,0x00,0x00,0x00,0x6A,0xFF,0xFF,0xFF,0x40,0x00,0x00,0x80,0xFF,
  0xFF,0xFF,0x47,0x00,0x00,0x00,0x04,0xD0,0xFF,0xFF,0xFF,0x40,0x00,0x00,0x29,0xFF,
  0xFF,0xFF,0xEA,0x54,0x0D,0x25,0xB3,0xFF,0xFF,0xFF,0xFF,0x40,0x00,0x00,0x00,0xA3,
  0xFF,0xFF,0xFF,0xFF,0xFF,0xFF,0xFF,0xFF,0xFF,0xFF,0xFF,0x40,0x00,0x00,0x00,0x0F,
  0xCA,0xFF,0xFF,0xFF,0xFF,0xFF,0xF4,0x95,0xFF,0xFF,0xFF,0x40,0x00,0x00,0x00,0x00,
  0x09,0x7E,0xD8,0xF9,0xE7,0xA0,0x22,0x54,0xFF,0xFF,0xFF,0x40,0x00,0x00,0x00,0x00,
  0x00,0x00,0x00,0x00,0x00,0x00,0x00,0x54,0xFF,0xFF,0xFF,0x40,0x00,0x00,0x00,0x00,
  0x00,0x00,0x00,0x00,0x00,0x00,0x00,0x54,0xFF,0xFF,0xFF,0x40,0x00,0x00,0x00,0x00,
  0x00,0x00,0x00,0x00,0x00,0x00,0x00,0x54,0xFF,0xFF,0xFF,0x40,0x00,0x00,0x00,0x00,
  0x00,0x00,0x00,0x00,0x00,0x00,0x00,0x54,0xFF,0xFF,0xFF,0x40,0x00,0x00,0x00,0x00,
  0x00,0x00,0x00,0x00,0x00,0x00,0x00,0x54,0xFF,0xFF,0xFF,0x40,0x00,0x00,0x48,0xFF,
  0xFF,0xFF,0x15,0xA6,0xF0,0xF2,0xC0,0x2F,0x00,0x48,0xFF,0xFF,0xFF,0xB5,0xFF,0xFF,
  0xFF,0xFE,0x21,0x00,0x48,0xFF,0xFF,0xFF,0xFF,0xFF,0xFF,0xFF,0xC0,0x00,0x00,0x48,
  0xFF,0xFF,0xFF,0xFF,0x6E,0x0C,0x33,0x3D,0x00,0x00,0x48,0xFF,0xFF,0xFF,0xC1,0x00,
  0x00,0x00,0x00,0x00,0x00,0x48,0xFF,0xFF,0xFF,0x7C,0x00,0x00,0x00,0x00,0x00,0x00,
  0x48,0xFF,0xFF,0xFF,0x60,0x00,0x00,0x00,0x00,0x00,0x00,0x48,0xFF,0xFF,0xFF,0x51,
  0x00,0x00,0x00,0x00,0x00,0x00,0x48,0xFF,0xFF,0xFF,0x4A,0x00,0x00,0x00,0x00,0x00,
  0x00,0x48,0xFF,0xFF,0xFF,0x48,0x00,0x00,0x00,0x00,0x00,0x00,0x48,0xFF,0xFF,0xFF,
  0x48,0x00,0x00,0x00,0x00,0x00,0x00,0x48,0xFF,0xFF,0xFF,0x48,0x00,0x00,0x00,0x00,
  0x00,0x00,0x48,0xFF,0xFF,0xFF,0x48,0x00,0x00,0x00,0x00,0x00,0x00,0x48,0xFF,0xFF,
  0xFF,0x48,0x00,0x00,0x00,0x00,0x00,0x00,0x00,0x05,0x69,0xBE,0xEA,0xFB,0xF8,0xE5,
  0xB9,0x66,0x03,0x00,0x00,0x00,0x0B,0xC5,0xFF,0xFF,0xFF,0xFF,0xFF,0xFF,0xFF,0xFF,
  0xB9,0x09,0x00,0x00,0x85,0xFF,0xFF,0xFF,0xFF,0xFF,0xFF,0xFF,0xFF,0xFF,0xFF,0x79,
  0x00,0x00,0xD3,0xFF,0xFF,0xC7,0x2F,0x08,0x0C,0x49,0xD9,0xAB,0x5F,0x15,0x00,0x00,
  0xD7,0xFF,0xFF,0x86,0x00,0x00,0x00,0x00,0x00,0x00,0x00,0x00,0x00,0x00,0x96,0xFF,
  0xFF,0xFD,0xB0,0x65,0x29,0x01,0x00,0x00,0x00,0x00,0x00,0x00,0x13,0xD3,0xFF,0xFF,
  0xFF,0xFF,0xFF,0xEE,0xB0,0x60,0x09,0x00,0x00,0x00,0x00,0x09,0x6E,0xCA,0xFE,0xFF,
  0xFF,0xFF,0xFF,0xFF,0xE5,0x3B,0x00,0x00,0x00,0x00,0x00,0x00,0x13,0x50,0x88,0xC2,
  0xFD,0xFF,0xFF,0xE4,0x03,0x00,0x00,0x00,0x00,0x00,0x00,0x00,0x00,0x00,0x7E,0xFF,
  0xFF,0xFF,0x2A,0x05,0x3F,0x87,0xCE,0xA8,0x2A,0x08,0x0A,0x35,0xC7,0xFF,0xFF,0xFF,
  0x1C,0x28,0xFA,0xFF,0xFF,0xFF,0xFF,0xFF,0xFF,0xFF,0xFF,0xFF,0xFF,0xBD,0x00,0x00,
  0x57,0xF5,0xFF,0xFF,0xFF,0xFF,0xFF,0xFF,0xFF,0xFF,0xD4,0x1A,0x00,0x00,0x00,0x1C,
  0x82,0xC4,0xEA,0xFB,0xFA,0xE9,0xBC,0x6A,0x07,0x00,0x00,0x00,0x00,0x00,0x02,0x60,
  0x81,0x00,0x00,0x00,0x00,0x00,0x42,0xCF,0xFF,0x9C,0x00,0x00,0x00,0x00,0x00,0xF8,
  0xFF,0xFF,0x9C,0x00,0x00,0x00,0x00,0x00,0xF8,0xFF,0xFF,0x9C,0x00,0x00,0x00,0x00,
  0x00,0xF8,0xFF,0xFF,0x9C,0x00,0x00,0x00,0x9C,0xFF,0xFF,0xFF,0xFF,0xFF,0xFF,0xFF,
  0x0C,0x9C,0xFF,0xFF,0xFF,0xFF,0xFF,0xFF,0xFF,0x0C,0x9C,0xFF,0xFF,0xFF,0xFF,0xFF,
  0xFF,0xFF,0x0C,0x00,0x00,0xF8,0xFF,0xFF,0x9C,0x00,0x00,0x00,0x00,0x00,0xF8,0xFF,
  0xFF,0x9C,0x00,0x00,0x00,0x00,0x00,0xF8,0xFF,0xFF,0x9C,0x00,0x00,0x00,0x00,0x00,
  0xF8,0xFF,0xFF,0x9C,0x00,0x00,0x00,0x00,0x00,0xF8,0xFF,0xFF,0x9C,0x00,0x00,0x00,
  0x00,0x00,0xF8,0xFF,0xFF,0x9C,0x00,0x00,0x00,0x00,0x00,0xF7,0xFF,0xFF,0x9E,0x00,
  0x00,0x00,0x00,0x00,0xF0,0xFF,0xFF,0xCB,0x0F,0x2E,0x04,0x00,0x00,0xD5,0xFF,0xFF,
  0xFF,0xFF,0xFF,0x1F,0x00,0x00,0x82,0xFF,0xFF,0xFF,0xFF,0xFF,0x3C,0x00,0x00,0x04,
  0x81,0xDE,0xFA,0xE9,0xB7,0x29,0x00,0x34,0xFF,0xFF,0xFF,0x5C,0x00,0x00,0x00,0x00,
  0x84,0xFF,0xFF,0xFF,0x0C,0x00,0x00,0x34,0xFF,0xFF,0xFF,0x5C,0x00,0x00,0x00,0x00,
  0x84,0xFF,0xFF,0xFF,0x0C,0x00,0x00,0x34,0xFF,0xFF,0xFF,0x5C,0x00,0x00,0x00,0x00,
  0x84,0xFF,0xFF,0xFF,0x0C,0x00,0x00,0x34,0xFF,0xFF,0xFF,0x5C,0x00,0x00,0x00,0x00,
  0x84,0xFF,0xFF,0xFF,0x0C,0x00,0x00,0x34,0xFF,0xFF,0xFF,0x5C,0x00,0x00,0x00,0x00,
  0x84,0xFF,0xFF,0xFF,0x0C,0x00,0x00,0x34,0xFF,0xFF,0xFF,0x5C,0x00,0x00,0x00,0x00,
  0x84,0xFF,0xFF,0xFF,0x0C,0x00,0x00,0x34,0xFF,0xFF,0xFF,0x5C,0x00,0x00,0x00,0x00,
  0x87,0xFF,0xFF,0xFF,0x0C,0x00,0x00,0x34,0xFF,0xFF,0xFF,0x5F,0x00,0x00,0x00,0x00,
  0x8F,0xFF,0xFF,0xFF,0x0C,0x00,0x00,0x32,0xFF,0xFF,0xFF,0x6A,0x00,0x00,0x00,0x00,
  0xA4,0xFF,0xFF,0xFF,0x0C,0x00,0x00,0x25,0xFF,0xFF,0xFF,0x8C,0x00,0x00,0x00,0x09,
  0xE4,0xFF,0xFF,0xFF,0x0C,0x00,0x00,0x0C,0xFC,0xFF,0xFF,0xF1,0x49,0x08,0x2E,0xBD,
  0xFF,0xFF,0xFF,0xFF,0x0C,0x00,0x00,0x00,0xC1,0xFF,0xFF,0xFF,0xFF,0xFF,0xFF,0xFF,
  0xFF,0xFF,0xFF,0xFF,0x0C,0x00,0x00,0x00,0x33,0xF4,0xFF,0xFF,0xFF,0xFF,0xFF,0xF9,
  0x8C,0xFF,0xFF,0xFF,0x0C,0x00,0x00,0x00,0x00,0x29,0xA7,0xE9,0xF9,0xDF,0x9C,0x26,
  0x44,0xFF,0xFF,0xFF,0x0C,0x00,0xAB,0xFF,0xFF,0xFB,0x15,0x00,0x00,0x00,0x00,0x00,
  0xB6,0xFF,0xFF,0xEC,0x06,0x47,0xFF,0xFF,0xFF,0x6B,0x00,0x00,0x00,0x00,0x16,0xFB,
  0xFF,0xFF,0x90,0x00,0x02,0xE1,0xFF,0xFF,0xC6,0x00,0x00,0x00,0x00,0x6E,0xFF,0xFF,
  0xFF,0x2E,0x00,0x00,0x80,0xFF,0xFF,0xFF,0x21,0x00,0x00,0x00,0xCA,0xFF,0xFF,0xCC,
  0x00,0x00,0x00,0x1F,0xFD,0xFF,0xFF,0x7B,0x00,0x00,0x26,0xFF,0xFF,0xFF,0x6A,0x00,
  0x00,0x00,0x00,0xB9,0xFF,0xFF,0xD6,0x00,0x00,0x82,0xFF,0xFF,0xF7,0x10,0x00,0x00,
  0x00,0x00,0x56,0xFF,0xFF,0xFF,0x31,0x00,0xDC,0xFF,0xFF,0xA6,0x00,0x00,0x00,0x00,
  0x00,0x06,0xEB,0xFF,0xFF,0x87,0x35,0xFF,0xFF,0xFF,0x44,0x00,0x00,0x00,0x00,0x00,
  0x00,0x8F,0xFF,0xFF,0xD6,0x85,0xFF,0xFF,0xE0,0x01,0x00,0x00,0x00,0x00,0x00,0x00,
  0x2C,0xFF,0xFF,0xFF,0xE9,0xFF,0xFF,0x80,0x00,0x00,0x00,0x00,0x00,0x00,0x00,0x00,
  0xC8,0xFF,0xFF,0xFF,0xFF,0xFE,0x20,0x00,0x00,0x00,0x00,0x00,0x00,0x00,0x00,0x65,
  0xFF,0xFF,0xFF,0xFF,0xBC,0x00,0x00,0x00,0x00,0x00,0x00,0x00,0x00,0x00,0x0D,0xF4,
  0xFF,0xFF,0xFF,0x5A,0x00,0x00,0x00,0x00,0x00,0x00,0x00,0x00,0x00,0x00,0x9E,0xFF,
  0xFF,0xF0,0x08,0x00,0x00,0x00,0x00,0x00,0xBE,0xFF,0xFF,0xB6,0x00,0x00,0x00,0x00,
  0xB1,0xFF,0xFF,0xF7,0x07,0x00,0x00,0x00,0x74,0xFF,0xFF,0xFC,0x13,0x70,0xFF,0xFF,
  0xF5,0x07,0x00,0x00,0x02,0xEE,0xFF,0xFF,0xFF,0x3D,0x00,0x00,0x00,0xBC,0xFF,0xFF,
  0xC0,0x00,0x21,0xFF,0xFF,0xFF,0x44,0x00,0x00,0x32,0xFF,0xFF,0xFF,0xFF,0x7C,0x00,
  0x00,0x0A,0xF8,0xFF,0xFF,0x71,0x00,0x00,0xD4,0xFF,0xFF,0x8A,0x00,0x00,0x73,0xFF,
  0xFF,0xFF,0xFF,0xBB,0x00,0x00,0x4B,0xFF,0xFF,0xFF,0x21,0x00,0x00,0x86,0xFF,0xFF,
  0xD1,0x00,0x00,0xB4,0xFF,0xFF,0xFF,0xFF,0xF5,0x05,0x00,0x92,0xFF,0xFF,0xD2,0x00,
  0x00,0x00,0x38,0xFF,0xFF,0xFF,0x19,0x03,0xF1,0xFF,0xF7,0xC7,0xFF,0xFF,0x39,0x00,
  0xDA,0xFF,0xFF,0x82,0x00,0x00,0x00,0x01,0xE7,0xFF,0xFF,0x5E,0x36,0xFF,0xFF,0xBE,
  0x7D,0xFF,0xFF,0x77,0x21,0xFF,0xFF,0xFF,0x33,0x00,0x00,0x00,0x00,0x9C,0xFF,0xFF,
  0xA5,0x77,0xFF,0xFF,0x7D,0x3B,0xFF,0xFF,0xB6,0x69,0xFF,0xFF,0xE3,0x00,0x00,0x00,
  0x00,0x00,0x4E,0xFF,0xFF,0xEA,0xBA,0xFF,0xFF,0x3C,0x04,0xF3,0xFF,0xF2,0xB4,0xFF,
  0xFF,0x94,0x00,0x00,0x00,0x00,0x00,0x09,0xF6,0xFF,0xFF,0xFD,0xFF,0xF5,0x06,0x00,
  0xB6,0xFF,0xFF,0xFE,0xFF,0xFF,0x45,0x00,0x00,0x00,0x00,0x00,0x00,0xB2,0xFF,0xFF,
  0xFF,0xFF,0xBA,0x00,0x00,0x74,0xFF,0xFF,0xFF,0xFF,0xF0,0x05,0x00,0x00,0x00,0x00,
  0x00,0x00,0x64,0xFF,0xFF,0xFF,0xFF,0x79,0x00,0x00,0x32,0xFF,0xFF,0xFF,0xFF,0xA6,
  0x00,0x00,0x00,0x00,0x00,0x00,0x00,0x17,0xFE,0xFF,0xFF,0xFF,0x38,0x00,0x00,0x02,
  0xED,0xFF,0xFF,0xFF,0x56,0x00,0x00,0x00,0x00,0x00,0x00,0x00,0x00,0xC7,0xFF,0xFF,
  0xF3,0x04,0x00,0x00,0x00,0xAD,0xFF,0xFF,0xF9,0x0E,0x00,0x00,0x00,0x00,0x4D,0xFF,
  0xFF,0xFF,0xED,0x15,0x00,0x00,0x00,0xB7,0xFF,0xFF,0xFF,0x73,0x00,0x00,0x9D,0xFF,
  0xFF,0xFF,0xA2,0x00,0x00,0x60,0xFF,0xFF,0xFF,0xC1,0x02,0x00,0x00,0x0D,0xE0,0xFF,
  0xFF,0xFF,0x42,0x18,0xEE,0xFF,0xFF,0xF2,0x20,0x00,0x00,0x00,0x00,0x40,0xFE,0xFF,
  0xFF,0xD9,0xB2,0xFF,0xFF,0xFF,0x62,0x00,0x00,0x00,0x00,0x00,0x00,0x8F,0xFF,0xFF,
  0xFF,0xFF,0xFF,0xFF,0xB2,0x00,0x00,0x00,0x00,0x00,0x00,0x00,0x08,0xD6,0xFF,0xFF,
  0xFF,0xFF,0xEB,0x17,0x00,0x00,0x00,0x00,0x00,0x00,0x00,0x00,0x37,0xFF,0xFF,0xFF,
  0xFF,0x6A,0x00,0x00,0x00,0x00,0x00,0x00,0x00,0x00,0x00,0x76,0xFF,0xFF,0xFF,0xFF,
  0xCD,0x04,0x00,0x00,0x00,0x00,0x00,0x00,0x00,0x2A,0xF8,0xFF,0xFF,0xFF,0xFF,0xFF,
  0x7F,0x00,0x00,0x00,0x00,0x00,0x00,0x04,0xCB,0xFF,0xFF,0xFC,0xF0,0xFF,0xFF,0xFA,
  0x31,0x00,0x00,0x00,0x00,0x00,0x7C,0xFF,0xFF,0xFF,0x8D,0x60,0xFF,0xFF,0xFF,0xD3,
  0x06,0x00,0x00,0x00,0x2E,0xF9,0xFF,0xFF,0xDF,0x0B,0x00,0xBD,0xFF,0xFF,0xFF,0x86,
  0x00,0x00,0x05,0xCF,0xFF,0xFF,0xFF,0x48,0x00,0x00,0x24,0xF7,0xFF,0xFF,0xFC,0x37,
  0x00,0x82,0xFF,0xFF,0xFF,0xA5,0x00,0x00,0x00,0x00,0x79,0xFF,0xFF,0xFF,0xD7,0x08,
  0xA6,0xFF,0xFF,0xFF,0x21,0x00,0x00,0x00,0x00,0x00,0xD1,0xFF,0xFF,0xDD,0x00,0x48,
  0xFF,0xFF,0xFF,0x75,0x00,0x00,0x00,0x00,0x22,0xFF,0xFF,0xFF,0x83,0x00,0x03,0xE6,
  0xFF,0xFF,0xC8,0x00,0x00,0x00,0x00,0x73,0xFF,0xFF,0xFF,0x28,0x00,0x00,0x8C,0xFF,
  0xFF,0xFE,0x1D,0x00,0x00,0x00,0xC4,0xFF,0xFF,0xCD,0x00,0x00,0x00,0x2D,0xFF,0xFF,
  0xFF,0x6F,0x00,0x00,0x17,0xFD,0xFF,0xFF,0x73,0x00,0x00,0x00,0x00,0xD0,0xFF,0xFF,
  0xC3,0x00,0x00,0x66,0xFF,0xFF,0xFD,0x1B,0x00,0x00,0x00,0x00,0x72,0xFF,0xFF,0xFD,
  0x19,0x00,0xB8,0xFF,0xFF,0xBD,0x00,0x00,0x00,0x00,0x00,0x17,0xFB,0xFF,0xFF,0x6A,
  0x0F,0xF9,0xFF,0xFF,0x62,0x00,0x00,0x00,0x00,0x00,0x00,0xB6,0xFF,0xFF,0xBE,0x5A,
  0xFF,0xFF,0xF8,0x0F,0x00,0x00,0x00,0x00,0x00,0x00,0x58,0xFF,0xFF,0xFC,0xBF,0xFF,
  0xFF,0xAD,0x00,0x00,0x00,0x00,0x00,0x00,0x00,0x08,0xF0,0xFF,0xFF,0xFF,0xFF,0xFF,
  0x52,0x00,0x00,0x00,0x00,0x00,0x00,0x00,0x00,0x9C,0xFF,0xFF,0xFF,0xFF,0xF0,0x07,
  0x00,0x00,0x00,0x00,0x00,0x00,0x00,0x00,0x3E,0xFF,0xFF,0xFF,0xFF,0x9C,0x00,0x00,
  0x00,0x00,0x00,0x00,0x00,0x00,0x00,0x01,0xDE,0xFF,0xFF,0xFF,0x3E,0x00,0x00,0x00,
  0x00,0x00,0x00,0x00,0x00,0x00,0x09,0xE6,0xFF,0xFF,0xD2,0x00,0x00,0x00,0x00,0x00,
  0x00,0x00,0x14,0x06,0x26,0xB4,0xFF,0xFF,0xFF,0x63,0x00,0x00,0x00,0x00,0x00,0x00,
  0x00,0xE3,0xFF,0xFF,0xFF,0xFF,0xFF,0xE3,0x07,0x00,0x00,0x00,0x00,0x00,0x00,0x00,
  0xC7,0xFF,0xFF,0xFF,0xFF,0xF7,0x41,0x00,0x00,0x00,0x00,0x00,0x00,0x00,0x00,0x8C,
  0xE6,0xF8,0xE0,0xB0,0x36,0x00,0x00,0x00,0x00,0x00,0x00,0x00,0x00,0x14,0xFF,0xFF,
  0xFF,0xFF,0xFF,0xFF,0xFF,0xFF,0xFF,0xFF,0xFF,0x14,0x14,0xFF,0xFF,0xFF,0xFF,0xFF,
  0xFF,0xFF,0xFF,0xFF,0xFF,0xFF,0x14,0x14,0xFF,0xFF,0xFF,0xFF,0xFF,0xFF,0xFF,0xFF,
  0xFF,0xFF,0xFF,0x14,0x00,0x00,0x00,0x00,0x00,0x00,0x31,0xF1,0xFF,0xFF,0xFF,0xA5,
  0x00,0x00,0x00,0x00,0x00,0x00,0x1F,0xE6,0xFF,0xFF,0xFF,0xC3,0x07,0x00,0x00,0x00,
  0x00,0x00,0x0E,0xD4,0xFF,0xFF,0xFF,0xDB,0x13,0x00,0x00,0x00,0x00,0x00,0x03,0xB8,
  0xFF,0xFF,0xFF,0xED,0x26,0x00,0x00,0x00,0x00,0x00,0x00,0x96,0xFF,0xFF,0xFF,0xF9,
  0x3F,0x00,0x00,0x00,0x00,0x00,0x00,0x70,0xFF,0xFF,0xFF,0xFF,0x5D,0x00,0x00,0x00,
  0x00,0x00,0x00,0x4C,0xFD,0xFF,0xFF,0xFF,0x7A,0x00,0x00,0x00,0x00,0x00,0x00,0x2F,
  0xF3,0xFF,0xFF,0xFF,0x91,0x00,0x00,0x00,0x00,0x00,0x00,0x00,0x90,0xFF,0xFF,0xFF,
  0xFF,0xFF,0xFF,0xFF,0xFF,0xFF,0xFF,0xFF,0x78,0x90,0xFF,0xFF,0xFF,0xFF,0xFF,0xFF,
  0xFF,0xFF,0xFF,0xFF,0xFF,0x78,0x90,0xFF,0xFF,0xFF,0xFF,0xFF,0xFF,0xFF,0xFF,0xFF,
  0xFF,0xFF,0x78,
};
